month,year,species,sighting_dates,number,sites,Season_End,Hectares_Occupied_Start,Hectares_Occupied_End
1,1997,Monarch Adult Sighted,1,1,1,1998,18.19,5.77
1,1998,Monarch Adult (FIRST sighted),3,3,3,1999,5.77,5.56
1,1998,Monarch Egg (FIRST sighted),1,1,1,1999,5.77,5.56
1,1999,Monarch (OTHER Observations),3,3,1,2000,5.56,9.05
1,1999,Monarch Adult (FIRST sighted),5,5,5,2000,5.56,9.05
1,2000,Monarch (OTHER Observations),4,4,2,2001,9.05,2.83
1,2000,Monarch Adult (FIRST sighted),6,6,5,2001,9.05,2.83
1,2000,Monarch Egg (FIRST sighted),2,2,2,2001,9.05,2.83
1,2000,Monarch Larva (FIRST sighted),1,1,1,2001,9.05,2.83
1,2001,Monarch (OTHER Observations),3,3,2,2002,2.83,9.36
1,2001,Monarch Adult (FIRST sighted),6,6,6,2002,2.83,9.36
1,2001,Monarch Egg (FIRST sighted),1,1,1,2002,2.83,9.36
1,2001,Monarch Larva (FIRST sighted),1,1,1,2002,2.83,9.36
1,2002,Milkweed (FIRST sighted),2,2,2,2003,9.36,7.54
1,2002,Monarch (OTHER Observations),1,1,1,2003,9.36,7.54
1,2002,Monarch Adult Sighted,10,10,10,2003,9.36,7.54
1,2002,Monarch Larva (FIRST sighted),1,1,1,2003,9.36,7.54
1,2003,Monarch (OTHER Observations),2,2,2,2004,7.54,11.12
1,2003,Monarch Adult (FIRST sighted),2,2,2,2004,7.54,11.12
1,2003,Monarch Adult Sighted,9,9,9,2004,7.54,11.12
1,2003,Monarch Egg (FIRST sighted),1,1,1,2004,7.54,11.12
1,2004,Milkweed (FIRST sighted),1,1,1,2005,11.12,2.19
1,2004,Monarch (OTHER Observations),4,4,3,2005,11.12,2.19
1,2004,Monarch Adult (FIRST sighted),4,4,4,2005,11.12,2.19
1,2004,Monarch Adult Sighted,11,11,11,2005,11.12,2.19
1,2004,Monarch Fall Roost,1,1,1,2005,11.12,2.19
1,2004,Monarch Larva (FIRST sighted),1,1,1,2005,11.12,2.19
1,2005,Monarch (OTHER Observations),3,3,2,2006,2.19,5.91
1,2005,Monarch Adult (FIRST sighted),3,3,3,2006,2.19,5.91
1,2005,Monarch Adult Sighted,31,31,28,2006,2.19,5.91
1,2005,Monarch Egg (FIRST sighted),1,1,1,2006,2.19,5.91
1,2005,Monarch Larva (FIRST sighted),2,2,2,2006,2.19,5.91
1,2006,Milkweed (FIRST sighted),1,1,1,2007,5.91,6.87
1,2006,Monarch (OTHER Observations),2,2,2,2007,5.91,6.87
1,2006,Monarch Adult (FIRST sighted),1,1,1,2007,5.91,6.87
1,2006,Monarch Adult Sighted,36,36,33,2007,5.91,6.87
1,2006,Monarch Larva (FIRST sighted),3,3,3,2007,5.91,6.87
1,2007,Milkweed (FIRST sighted),2,2,2,2008,6.87,4.61
1,2007,Monarch (OTHER Observations),4,4,4,2008,6.87,4.61
1,2007,Monarch Adult (FIRST sighted),2,2,2,2008,6.87,4.61
1,2007,Monarch Adult Sighted,11,11,11,2008,6.87,4.61
1,2007,Monarch Egg (FIRST sighted),1,1,1,2008,6.87,4.61
1,2007,Monarch Larva (FIRST sighted),1,1,1,2008,6.87,4.61
1,2008,Milkweed (FIRST sighted),2,2,2,2009,4.61,3.06
1,2008,Monarch (OTHER Observations),2,2,2,2009,4.61,3.06
1,2008,Monarch Adult (FIRST sighted),2,2,2,2009,4.61,3.06
1,2008,Monarch Adult Sighted,14,14,12,2009,4.61,3.06
1,2008,Monarch Egg (FIRST sighted),1,1,1,2009,4.61,3.06
1,2008,Monarch Larva (FIRST sighted),2,2,2,2009,4.61,3.06
1,2009,Monarch (OTHER Observations),2,2,2,2010,3.06,1.92
1,2009,Monarch Adult (FIRST sighted),1,1,1,2010,3.06,1.92
1,2009,Monarch Adult Sighted,41,41,38,2010,3.06,1.92
1,2009,Monarch Larva (FIRST sighted),6,6,6,2010,3.06,1.92
1,2010,Milkweed (FIRST sighted),1,1,1,2011,1.92,4.02
1,2010,Monarch (OTHER Observations),5,5,5,2011,1.92,4.02
1,2010,Monarch Adult Sighted,23,24,21,2011,1.92,4.02
1,2010,Monarch Larva (FIRST sighted),1,1,1,2011,1.92,4.02
1,2011,Milkweed (FIRST sighted),1,1,1,2012,4.02,2.89
1,2011,Monarch (OTHER Observations),4,4,4,2012,4.02,2.89
1,2011,Monarch Adult Sighted,60,60,33,2012,4.02,2.89
1,2011,Monarch Egg (FIRST sighted),1,1,1,2012,4.02,2.89
1,2011,Monarch Larva (FIRST sighted),4,4,3,2012,4.02,2.89
1,2012,Milkweed (FIRST sighted),7,7,6,2013,2.89,1.19
1,2012,Monarch (OTHER Observations),10,17,9,2013,2.89,1.19
1,2012,Monarch Adult (FIRST sighted),3,3,3,2013,2.89,1.19
1,2012,Monarch Adult Sighted,118,2169,98,2013,2.89,1.19
1,2012,Monarch Egg (FIRST sighted),10,10,10,2013,2.89,1.19
1,2012,Monarch Larva (FIRST sighted),8,8,8,2013,2.89,1.19
1,2013,Milkweed (FIRST sighted),13,13,11,2014,1.19,0.67
1,2013,Monarch (OTHER Observations),10,10,7,2014,1.19,0.67
1,2013,Monarch Adult Sighted,62,73,47,2014,1.19,0.67
1,2013,Monarch Egg (FIRST sighted),4,4,4,2014,1.19,0.67
1,2014,Milkweed (FIRST sighted),6,6,5,2015,0.67,1.13
1,2014,Monarch (OTHER Observations),10,10,8,2015,0.67,1.13
1,2014,Monarch Adult Sighted,56,104491,45,2015,0.67,1.13
1,2014,Monarch Egg (FIRST sighted),2,2,2,2015,0.67,1.13
1,2014,Monarch Larva (FIRST sighted),8,8,8,2015,0.67,1.13
1,2015,Milkweed (FIRST sighted),4,4,4,2016,1.13,4.01
1,2015,Monarch (OTHER Observations),10,10,7,2016,1.13,4.01
1,2015,Monarch Adult (FIRST sighted),1,1,1,2016,1.13,4.01
1,2015,Monarch Adult Sighted,77,135208,46,2016,1.13,4.01
1,2015,Monarch Egg (FIRST sighted),4,4,4,2016,1.13,4.01
1,2015,Monarch Egg Sighted,1,10,1,2016,1.13,4.01
1,2015,Monarch Larva (FIRST sighted),5,5,5,2016,1.13,4.01
1,2016,Milkweed (FIRST sighted),1,1,1,2017,4.01,2.91
1,2016,Milkweed Sighted,19,19,19,2017,4.01,2.91
1,2016,Monarch (OTHER Observations),14,144,13,2017,4.01,2.91
1,2016,Monarch Adult (FIRST sighted),4,4,4,2017,4.01,2.91
1,2016,Monarch Adult Sighted,64,88428,56,2017,4.01,2.91
1,2016,Monarch Egg (FIRST sighted),2,36,1,2017,4.01,2.91
1,2016,Monarch Egg Sighted,3,22,3,2017,4.01,2.91
1,2016,Monarch Larva (FIRST sighted),10,75,10,2017,4.01,2.91
1,2016,Monarch Larva Sighted,34,311,28,2017,4.01,2.91
1,2016,"Monarch, Captive-Reared",11,36,10,2017,4.01,2.91
1,2017,Milkweed (FIRST sighted),2,2,2,2018,2.91,2.48
1,2017,Milkweed Sighted,2,2,2,2018,2.91,2.48
1,2017,Monarch (OTHER Observations),16,23,14,2018,2.91,2.48
1,2017,Monarch Adult (FIRST sighted),2,2,2,2018,2.91,2.48
1,2017,Monarch Adult Sighted,90,75593,87,2018,2.91,2.48
1,2017,Monarch Egg Sighted,7,70,5,2018,2.91,2.48
1,2017,Monarch Larva Sighted,44,259,35,2018,2.91,2.48
1,2017,"Monarch, Captive-Reared",18,98,17,2018,2.91,2.48
1,2018,Milkweed Sighted,1,1,1,2019,2.48,6.05
1,2018,Monarch (OTHER Observations),9,41,8,2019,2.48,6.05
1,2018,Monarch Adult (FIRST sighted),11,18,11,2019,2.48,6.05
1,2018,Monarch Adult Sighted,17,66806,17,2019,2.48,6.05
1,2018,Monarch Egg (FIRST sighted),1,5,1,2019,2.48,6.05
1,2018,Monarch Larva (FIRST sighted),4,15,4,2019,2.48,6.05
1,2018,Monarch Larva Sighted,13,45,11,2019,2.48,6.05
1,2018,"Monarch, Captive-Reared",16,77,10,2019,2.48,6.05
1,2019,Milkweed (FIRST sighted),2,2,2,2020,6.05,2.83
1,2019,Milkweed Sighted,4,4,4,2020,6.05,2.83
1,2019,Monarch (OTHER Observations),8,90,8,2020,6.05,2.83
1,2019,Monarch Adult (FIRST sighted),27,44,26,2020,6.05,2.83
1,2019,Monarch Adult Sighted,10,22,10,2020,6.05,2.83
1,2019,Monarch Egg Sighted,1,40,1,2020,6.05,2.83
1,2019,Monarch Larva (FIRST sighted),1,21,1,2020,6.05,2.83
1,2019,Monarch Larva Sighted,25,212,19,2020,6.05,2.83
1,2019,"Monarch, Captive-Reared",21,89,9,2020,6.05,2.83
1,2020,Milkweed (FIRST sighted),1,1,1,2021,2.83,2.1
1,2020,Monarch (OTHER Observations),7,56,5,2021,2.83,2.1
1,2020,Monarch Adult Sighted,57,76,40,2021,2.83,2.1
1,2020,Monarch Egg (FIRST sighted),1,32,1,2021,2.83,2.1
1,2020,Monarch Egg Sighted,6,98,5,2021,2.83,2.1
1,2020,Monarch Larva (FIRST sighted),1,1,1,2021,2.83,2.1
1,2020,Monarch Larva Sighted,30,206,23,2021,2.83,2.1
1,2020,"Monarch, Captive-Reared",17,29,15,2021,2.83,2.1
2,1997,Monarch Adult Sighted,9,9,6,1998,18.19,5.77
2,1998,Monarch Adult (FIRST sighted),30,30,23,1999,5.77,5.56
2,1998,Monarch Egg (FIRST sighted),6,6,4,1999,5.77,5.56
2,1999,Monarch (OTHER Observations),6,6,5,2000,5.56,9.05
2,1999,Monarch Adult (FIRST sighted),17,17,11,2000,5.56,9.05
2,2000,Monarch (OTHER Observations),7,7,4,2001,9.05,2.83
2,2000,Monarch Adult (FIRST sighted),28,28,22,2001,9.05,2.83
2,2000,Monarch Larva (FIRST sighted),1,1,1,2001,9.05,2.83
2,2001,Milkweed (FIRST sighted),13,13,13,2002,2.83,9.36
2,2001,Monarch (OTHER Observations),11,11,2,2002,2.83,9.36
2,2001,Monarch Adult (FIRST sighted),24,24,19,2002,2.83,9.36
2,2001,Monarch Adult Sighted,1,1,1,2002,2.83,9.36
2,2001,Monarch Egg (FIRST sighted),4,4,4,2002,2.83,9.36
2,2001,Monarch Larva (FIRST sighted),5,5,5,2002,2.83,9.36
2,2002,Milkweed (FIRST sighted),2,2,2,2003,9.36,7.54
2,2002,Monarch (OTHER Observations),7,7,6,2003,9.36,7.54
2,2002,Monarch Adult (FIRST sighted),4,4,4,2003,9.36,7.54
2,2002,Monarch Adult Sighted,38,38,25,2003,9.36,7.54
2,2002,Monarch Larva (FIRST sighted),2,2,2,2003,9.36,7.54
2,2003,Milkweed (FIRST sighted),5,5,5,2004,7.54,11.12
2,2003,Monarch (OTHER Observations),2,2,2,2004,7.54,11.12
2,2003,Monarch Adult (FIRST sighted),5,5,5,2004,7.54,11.12
2,2003,Monarch Adult Sighted,28,28,23,2004,7.54,11.12
2,2003,Monarch Larva (FIRST sighted),1,1,1,2004,7.54,11.12
2,2004,Milkweed (FIRST sighted),5,5,4,2005,11.12,2.19
2,2004,Monarch (OTHER Observations),6,6,6,2005,11.12,2.19
2,2004,Monarch Adult (FIRST sighted),8,8,8,2005,11.12,2.19
2,2004,Monarch Adult Sighted,12,12,11,2005,11.12,2.19
2,2004,Monarch Egg (FIRST sighted),1,1,1,2005,11.12,2.19
2,2004,Monarch Larva (FIRST sighted),3,3,3,2005,11.12,2.19
2,2005,Milkweed (FIRST sighted),8,8,7,2006,2.19,5.91
2,2005,Monarch (OTHER Observations),2,2,2,2006,2.19,5.91
2,2005,Monarch Adult (FIRST sighted),6,6,5,2006,2.19,5.91
2,2005,Monarch Adult Sighted,7,7,7,2006,2.19,5.91
2,2005,Monarch Egg (FIRST sighted),1,1,1,2006,2.19,5.91
2,2005,Monarch Larva (FIRST sighted),4,4,3,2006,2.19,5.91
2,2006,Milkweed (FIRST sighted),1,1,1,2007,5.91,6.87
2,2006,Monarch (OTHER Observations),3,3,3,2007,5.91,6.87
2,2006,Monarch Adult (FIRST sighted),6,6,5,2007,5.91,6.87
2,2006,Monarch Adult Sighted,18,18,18,2007,5.91,6.87
2,2006,Monarch Larva (FIRST sighted),6,6,5,2007,5.91,6.87
2,2006,"Monarch, Captive-Reared",1,45,1,2007,5.91,6.87
2,2007,Milkweed (FIRST sighted),3,3,3,2008,6.87,4.61
2,2007,Monarch (OTHER Observations),4,4,4,2008,6.87,4.61
2,2007,Monarch Adult (FIRST sighted),5,5,5,2008,6.87,4.61
2,2007,Monarch Adult Sighted,10,10,10,2008,6.87,4.61
2,2007,Monarch Larva (FIRST sighted),2,2,2,2008,6.87,4.61
2,2008,Milkweed (FIRST sighted),8,8,8,2009,4.61,3.06
2,2008,Monarch (OTHER Observations),5,5,5,2009,4.61,3.06
2,2008,Monarch Adult (FIRST sighted),8,8,8,2009,4.61,3.06
2,2008,Monarch Adult Sighted,27,27,26,2009,4.61,3.06
2,2008,Monarch Egg (FIRST sighted),2,2,2,2009,4.61,3.06
2,2008,Monarch Larva (FIRST sighted),4,4,4,2009,4.61,3.06
2,2009,Milkweed (FIRST sighted),20,20,18,2010,3.06,1.92
2,2009,Monarch (OTHER Observations),10,10,10,2010,3.06,1.92
2,2009,Monarch Adult (FIRST sighted),17,17,14,2010,3.06,1.92
2,2009,Monarch Adult Sighted,48,48,40,2010,3.06,1.92
2,2009,Monarch Egg (FIRST sighted),4,4,4,2010,3.06,1.92
2,2009,Monarch Larva (FIRST sighted),7,7,7,2010,3.06,1.92
2,2010,Milkweed (FIRST sighted),10,10,8,2011,1.92,4.02
2,2010,Monarch (OTHER Observations),16,16,16,2011,1.92,4.02
2,2010,Monarch Adult (FIRST sighted),1,1,1,2011,1.92,4.02
2,2010,Monarch Adult Sighted,19,21,15,2011,1.92,4.02
2,2010,Monarch Larva (FIRST sighted),3,3,3,2011,1.92,4.02
2,2011,Milkweed (FIRST sighted),29,29,26,2012,4.02,2.89
2,2011,Monarch (OTHER Observations),8,8,6,2012,4.02,2.89
2,2011,Monarch Adult (FIRST sighted),5,5,4,2012,4.02,2.89
2,2011,Monarch Adult Sighted,38,38,29,2012,4.02,2.89
2,2011,Monarch Egg (FIRST sighted),7,7,6,2012,4.02,2.89
2,2011,Monarch Larva (FIRST sighted),5,5,5,2012,4.02,2.89
2,2012,Milkweed (FIRST sighted),22,22,18,2013,2.89,1.19
2,2012,Monarch (OTHER Observations),10,10,10,2013,2.89,1.19
2,2012,Monarch Adult (FIRST sighted),30,30,27,2013,2.89,1.19
2,2012,Monarch Adult Sighted,39,48,32,2013,2.89,1.19
2,2012,Monarch Egg (FIRST sighted),7,7,6,2013,2.89,1.19
2,2012,Monarch Larva (FIRST sighted),10,10,9,2013,2.89,1.19
2,2013,Milkweed (FIRST sighted),62,62,53,2014,1.19,0.67
2,2013,Monarch (OTHER Observations),20,20,18,2014,1.19,0.67
2,2013,Monarch Adult (FIRST sighted),4,4,4,2014,1.19,0.67
2,2013,Monarch Adult Sighted,81,81,68,2014,1.19,0.67
2,2013,Monarch Egg (FIRST sighted),3,3,3,2014,1.19,0.67
2,2013,Monarch Larva (FIRST sighted),3,3,3,2014,1.19,0.67
2,2014,Milkweed (FIRST sighted),14,14,12,2015,0.67,1.13
2,2014,Monarch (OTHER Observations),7,7,7,2015,0.67,1.13
2,2014,Monarch Adult (FIRST sighted),15,15,13,2015,0.67,1.13
2,2014,Monarch Adult Sighted,35,35,33,2015,0.67,1.13
2,2014,Monarch Egg (FIRST sighted),6,6,5,2015,0.67,1.13
2,2014,Monarch Larva (FIRST sighted),6,6,6,2015,0.67,1.13
2,2015,Milkweed (FIRST sighted),15,15,15,2016,1.13,4.01
2,2015,Monarch (OTHER Observations),6,6,5,2016,1.13,4.01
2,2015,Monarch Adult (FIRST sighted),16,16,14,2016,1.13,4.01
2,2015,Monarch Adult Sighted,56,56,40,2016,1.13,4.01
2,2015,Monarch Egg (FIRST sighted),3,3,3,2016,1.13,4.01
2,2015,Monarch Larva (FIRST sighted),13,13,11,2016,1.13,4.01
2,2016,Milkweed (FIRST sighted),15,15,12,2017,4.01,2.91
2,2016,Milkweed Sighted,44,63,37,2017,4.01,2.91
2,2016,Monarch (OTHER Observations),7,9,7,2017,4.01,2.91
2,2016,Monarch Adult (FIRST sighted),54,10062,48,2017,4.01,2.91
2,2016,Monarch Adult Sighted,78,2805,64,2017,4.01,2.91
2,2016,Monarch Egg (FIRST sighted),12,70,10,2017,4.01,2.91
2,2016,Monarch Egg Sighted,5,62,5,2017,4.01,2.91
2,2016,Monarch Larva (FIRST sighted),12,41,11,2017,4.01,2.91
2,2016,Monarch Larva Sighted,24,122,22,2017,4.01,2.91
2,2016,"Monarch, Captive-Reared",12,31,11,2017,4.01,2.91
2,2017,Milkweed (FIRST sighted),27,34,24,2018,2.91,2.48
2,2017,Milkweed Sighted,12,12,12,2018,2.91,2.48
2,2017,Monarch (OTHER Observations),11,15,11,2018,2.91,2.48
2,2017,Monarch Adult (FIRST sighted),12,15,12,2018,2.91,2.48
2,2017,Monarch Adult Sighted,95,10208,88,2018,2.91,2.48
2,2017,Monarch Egg (FIRST sighted),4,24,4,2018,2.91,2.48
2,2017,Monarch Egg Sighted,6,133,5,2018,2.91,2.48
2,2017,Monarch Larva (FIRST sighted),8,46,7,2018,2.91,2.48
2,2017,Monarch Larva Sighted,19,107,16,2018,2.91,2.48
2,2017,"Monarch, Captive-Reared",20,51,14,2018,2.91,2.48
2,2018,Milkweed (FIRST sighted),21,21,19,2019,2.48,6.05
2,2018,Milkweed Sighted,10,10,10,2019,2.48,6.05
2,2018,Monarch (OTHER Observations),18,41,18,2019,2.48,6.05
2,2018,Monarch Adult (FIRST sighted),62,83,62,2019,2.48,6.05
2,2018,Monarch Adult Sighted,76,101365,69,2019,2.48,6.05
2,2018,Monarch Egg (FIRST sighted),7,54,7,2019,2.48,6.05
2,2018,Monarch Egg Sighted,5,46,5,2019,2.48,6.05
2,2018,Monarch Larva (FIRST sighted),12,69,12,2019,2.48,6.05
2,2018,Monarch Larva Sighted,12,45,12,2019,2.48,6.05
2,2018,"Monarch, Captive-Reared",19,52,15,2019,2.48,6.05
2,2019,Milkweed (FIRST sighted),11,11,11,2020,6.05,2.83
2,2019,Milkweed Sighted,18,18,18,2020,6.05,2.83
2,2019,Monarch (OTHER Observations),16,65,14,2020,6.05,2.83
2,2019,Monarch Adult (FIRST sighted),130,3239,116,2020,6.05,2.83
2,2019,Monarch Adult Sighted,27,5072,27,2020,6.05,2.83
2,2019,Monarch Egg (FIRST sighted),5,65,5,2020,6.05,2.83
2,2019,Monarch Egg Sighted,12,131,10,2020,6.05,2.83
2,2019,Monarch Larva (FIRST sighted),2,7,2,2020,6.05,2.83
2,2019,Monarch Larva Sighted,47,356,42,2020,6.05,2.83
2,2019,"Monarch, Captive-Reared",24,108,17,2020,6.05,2.83
2,2020,Milkweed (FIRST sighted),7,7,7,2021,2.83,2.1
2,2020,Milkweed Sighted,2,2,2,2021,2.83,2.1
2,2020,Monarch (OTHER Observations),8,15,8,2021,2.83,2.1
2,2020,Monarch Adult (FIRST sighted),21,156,20,2021,2.83,2.1
2,2020,Monarch Adult Sighted,102,158,90,2021,2.83,2.1
2,2020,Monarch Egg (FIRST sighted),3,43,3,2021,2.83,2.1
2,2020,Monarch Egg Sighted,6,32,6,2021,2.83,2.1
2,2020,Monarch Larva (FIRST sighted),5,22,5,2021,2.83,2.1
2,2020,Monarch Larva Sighted,25,207,24,2021,2.83,2.1
2,2020,"Monarch, Captive-Reared",11,16,8,2021,2.83,2.1
3,1996,Monarch Adult Sighted,1,1,1,1997,12.61,18.19
3,1997,Monarch Adult (FIRST sighted),7,7,6,1998,18.19,5.77
3,1997,Monarch Adult Sighted,74,74,56,1998,18.19,5.77
3,1998,Monarch Adult (FIRST sighted),53,53,42,1999,5.77,5.56
3,1998,Monarch Egg (FIRST sighted),6,6,5,1999,5.77,5.56
3,1999,Monarch (OTHER Observations),12,12,9,2000,5.56,9.05
3,1999,Monarch Adult (FIRST sighted),59,59,43,2000,5.56,9.05
3,2000,Monarch (OTHER Observations),18,18,12,2001,9.05,2.83
3,2000,Monarch Adult (FIRST sighted),95,95,76,2001,9.05,2.83
3,2000,Monarch Egg (FIRST sighted),13,13,12,2001,9.05,2.83
3,2000,Monarch Larva (FIRST sighted),8,8,7,2001,9.05,2.83
3,2001,Milkweed (FIRST sighted),26,26,19,2002,2.83,9.36
3,2001,Monarch (OTHER Observations),10,10,9,2002,2.83,9.36
3,2001,Monarch Adult (FIRST sighted),83,83,65,2002,2.83,9.36
3,2001,Monarch Egg (FIRST sighted),9,9,9,2002,2.83,9.36
3,2001,Monarch Larva (FIRST sighted),5,5,4,2002,2.83,9.36
3,2002,Milkweed (FIRST sighted),36,36,28,2003,9.36,7.54
3,2002,Monarch (OTHER Observations),48,48,30,2003,9.36,7.54
3,2002,Monarch Adult (FIRST sighted),221,221,163,2003,9.36,7.54
3,2002,Monarch Adult Sighted,2,2,1,2003,9.36,7.54
3,2002,Monarch Egg (FIRST sighted),19,19,15,2003,9.36,7.54
3,2002,Monarch Larva (FIRST sighted),7,7,6,2003,9.36,7.54
3,2003,Milkweed (FIRST sighted),31,31,26,2004,7.54,11.12
3,2003,Monarch (OTHER Observations),20,20,18,2004,7.54,11.12
3,2003,Monarch Adult (FIRST sighted),124,124,91,2004,7.54,11.12
3,2003,Monarch Egg (FIRST sighted),18,18,15,2004,7.54,11.12
3,2003,Monarch Larva (FIRST sighted),6,6,6,2004,7.54,11.12
3,2004,Milkweed (FIRST sighted),25,25,23,2005,11.12,2.19
3,2004,Monarch (OTHER Observations),7,7,7,2005,11.12,2.19
3,2004,Monarch Adult (FIRST sighted),81,81,69,2005,11.12,2.19
3,2004,Monarch Adult Sighted,6,6,6,2005,11.12,2.19
3,2004,Monarch Egg (FIRST sighted),10,10,9,2005,11.12,2.19
3,2004,Monarch Larva (FIRST sighted),12,12,10,2005,11.12,2.19
3,2005,Milkweed (FIRST sighted),28,28,27,2006,2.19,5.91
3,2005,Milkweed Sighted,1,1,1,2006,2.19,5.91
3,2005,Monarch (OTHER Observations),150,150,97,2006,2.19,5.91
3,2005,Monarch Adult (FIRST sighted),83,83,60,2006,2.19,5.91
3,2005,Monarch Adult Sighted,9,9,9,2006,2.19,5.91
3,2005,Monarch Egg (FIRST sighted),6,6,5,2006,2.19,5.91
3,2005,Monarch Larva (FIRST sighted),7,7,5,2006,2.19,5.91
3,2006,Milkweed (FIRST sighted),35,35,34,2007,5.91,6.87
3,2006,Monarch (OTHER Observations),27,27,19,2007,5.91,6.87
3,2006,Monarch Adult (FIRST sighted),166,166,132,2007,5.91,6.87
3,2006,Monarch Adult Sighted,13,13,12,2007,5.91,6.87
3,2006,Monarch Egg (FIRST sighted),23,23,19,2007,5.91,6.87
3,2006,Monarch Larva (FIRST sighted),13,13,10,2007,5.91,6.87
3,2007,Milkweed (FIRST sighted),35,35,31,2008,6.87,4.61
3,2007,Monarch (OTHER Observations),29,29,21,2008,6.87,4.61
3,2007,Monarch Adult (FIRST sighted),141,141,127,2008,6.87,4.61
3,2007,Monarch Egg (FIRST sighted),23,23,22,2008,6.87,4.61
3,2007,Monarch Larva (FIRST sighted),13,13,9,2008,6.87,4.61
3,2008,Milkweed (FIRST sighted),36,36,32,2009,4.61,3.06
3,2008,Monarch (OTHER Observations),41,41,35,2009,4.61,3.06
3,2008,Monarch Adult (FIRST sighted),144,144,118,2009,4.61,3.06
3,2008,Monarch Adult Sighted,6,6,6,2009,4.61,3.06
3,2008,Monarch Egg (FIRST sighted),20,20,20,2009,4.61,3.06
3,2008,Monarch Larva (FIRST sighted),9,9,9,2009,4.61,3.06
3,2009,Milkweed (FIRST sighted),44,44,40,2010,3.06,1.92
3,2009,Monarch (OTHER Observations),21,21,17,2010,3.06,1.92
3,2009,Monarch Adult (FIRST sighted),184,184,151,2010,3.06,1.92
3,2009,Monarch Adult Sighted,5,6,4,2010,3.06,1.92
3,2009,Monarch Egg (FIRST sighted),24,24,20,2010,3.06,1.92
3,2009,Monarch Fall Roost,1,125,1,2010,3.06,1.92
3,2009,Monarch Larva (FIRST sighted),15,15,15,2010,3.06,1.92
3,2010,Milkweed (FIRST sighted),38,38,36,2011,1.92,4.02
3,2010,Monarch (OTHER Observations),23,23,20,2011,1.92,4.02
3,2010,Monarch Adult (FIRST sighted),166,166,112,2011,1.92,4.02
3,2010,Monarch Adult Sighted,2,2,2,2011,1.92,4.02
3,2010,Monarch Egg (FIRST sighted),14,14,14,2011,1.92,4.02
3,2010,Monarch Larva (FIRST sighted),3,3,3,2011,1.92,4.02
3,2011,Milkweed (FIRST sighted),91,91,81,2012,4.02,2.89
3,2011,Monarch (OTHER Observations),33,33,23,2012,4.02,2.89
3,2011,Monarch Adult (FIRST sighted),209,209,164,2012,4.02,2.89
3,2011,Monarch Adult Sighted,9,9,6,2012,4.02,2.89
3,2011,Monarch Egg (FIRST sighted),42,42,39,2012,4.02,2.89
3,2011,Monarch Larva (FIRST sighted),27,27,22,2012,4.02,2.89
3,2012,Milkweed (FIRST sighted),120,120,108,2013,2.89,1.19
3,2012,Monarch (OTHER Observations),85,85,53,2013,2.89,1.19
3,2012,Monarch Adult (FIRST sighted),300,308,239,2013,2.89,1.19
3,2012,Monarch Adult Sighted,11,12,10,2013,2.89,1.19
3,2012,Monarch Egg (FIRST sighted),71,71,62,2013,2.89,1.19
3,2012,Monarch Larva (FIRST sighted),47,47,39,2013,2.89,1.19
3,2013,Milkweed (FIRST sighted),54,54,51,2014,1.19,0.67
3,2013,Monarch (OTHER Observations),36,36,26,2014,1.19,0.67
3,2013,Monarch Adult (FIRST sighted),117,117,94,2014,1.19,0.67
3,2013,Monarch Adult Sighted,3,3,3,2014,1.19,0.67
3,2013,Monarch Egg (FIRST sighted),28,28,24,2014,1.19,0.67
3,2013,Monarch Larva (FIRST sighted),16,16,14,2014,1.19,0.67
3,2014,Milkweed (FIRST sighted),54,54,47,2015,0.67,1.13
3,2014,Monarch (OTHER Observations),41,41,26,2015,0.67,1.13
3,2014,Monarch Adult (FIRST sighted),185,194,153,2015,0.67,1.13
3,2014,Monarch Adult Sighted,1,1,1,2015,0.67,1.13
3,2014,Monarch Egg (FIRST sighted),27,27,22,2015,0.67,1.13
3,2014,Monarch Larva (FIRST sighted),31,31,30,2015,0.67,1.13
3,2015,Milkweed (FIRST sighted),79,79,71,2016,1.13,4.01
3,2015,Monarch (OTHER Observations),75,75,51,2016,1.13,4.01
3,2015,Monarch Adult (FIRST sighted),132,132,110,2016,1.13,4.01
3,2015,Monarch Adult Sighted,14,18,14,2016,1.13,4.01
3,2015,Monarch Egg (FIRST sighted),28,28,24,2016,1.13,4.01
3,2015,Monarch Larva (FIRST sighted),34,34,30,2016,1.13,4.01
3,2016,Milkweed (FIRST sighted),103,103,98,2017,4.01,2.91
3,2016,Milkweed Sighted,65,65,58,2017,4.01,2.91
3,2016,Monarch (OTHER Observations),39,86,26,2017,4.01,2.91
3,2016,Monarch Adult (FIRST sighted),171,1345,162,2017,4.01,2.91
3,2016,Monarch Adult Sighted,124,234,98,2017,4.01,2.91
3,2016,Monarch Egg (FIRST sighted),56,346,55,2017,4.01,2.91
3,2016,Monarch Egg Sighted,11,58,11,2017,4.01,2.91
3,2016,Monarch Larva (FIRST sighted),49,209,48,2017,4.01,2.91
3,2016,Monarch Larva Sighted,37,330,35,2017,4.01,2.91
3,2016,"Monarch, Captive-Reared",10,66,8,2017,4.01,2.91
3,2017,Milkweed (FIRST sighted),115,115,107,2018,2.91,2.48
3,2017,Milkweed Sighted,48,48,47,2018,2.91,2.48
3,2017,Monarch (OTHER Observations),30,72,25,2018,2.91,2.48
3,2017,Monarch Adult (FIRST sighted),231,841,222,2018,2.91,2.48
3,2017,Monarch Adult Sighted,129,249,98,2018,2.91,2.48
3,2017,Monarch Egg (FIRST sighted),58,362,54,2018,2.91,2.48
3,2017,Monarch Egg Sighted,17,413,14,2018,2.91,2.48
3,2017,Monarch Larva (FIRST sighted),38,108,35,2018,2.91,2.48
3,2017,Monarch Larva Sighted,55,351,45,2018,2.91,2.48
3,2017,"Monarch, Captive-Reared",15,101,11,2018,2.91,2.48
3,2018,Milkweed (FIRST sighted),98,98,94,2019,2.48,6.05
3,2018,Milkweed Sighted,32,32,28,2019,2.48,6.05
3,2018,Monarch (OTHER Observations),31,47,20,2019,2.48,6.05
3,2018,Monarch Adult (FIRST sighted),382,503727,364,2019,2.48,6.05
3,2018,Monarch Adult Sighted,304,39127,227,2019,2.48,6.05
3,2018,Monarch Egg (FIRST sighted),76,789,74,2019,2.48,6.05
3,2018,Monarch Egg Sighted,24,725,24,2019,2.48,6.05
3,2018,Monarch Larva (FIRST sighted),51,337,50,2019,2.48,6.05
3,2018,Monarch Larva Sighted,39,419,30,2019,2.48,6.05
3,2018,"Monarch, Captive-Reared",10,120,10,2019,2.48,6.05
3,2019,Milkweed (FIRST sighted),60,60,59,2020,6.05,2.83
3,2019,Milkweed Sighted,24,24,22,2020,6.05,2.83
3,2019,Monarch (OTHER Observations),9,112,9,2020,6.05,2.83
3,2019,Monarch Adult (FIRST sighted),385,931,370,2020,6.05,2.83
3,2019,Monarch Adult Sighted,418,1924,328,2020,6.05,2.83
3,2019,Monarch Egg (FIRST sighted),60,1152,60,2020,6.05,2.83
3,2019,Monarch Egg Sighted,46,2255,38,2020,6.05,2.83
3,2019,Monarch Larva (FIRST sighted),52,351,49,2020,6.05,2.83
3,2019,Monarch Larva Sighted,61,609,50,2020,6.05,2.83
3,2019,Monarch PEAK Migration,4,100400,4,2020,6.05,2.83
3,2019,"Monarch, Captive-Reared",28,440,23,2020,6.05,2.83
3,2020,Milkweed (FIRST sighted),119,119,111,2021,2.83,2.1
3,2020,Milkweed Sighted,53,53,40,2021,2.83,2.1
3,2020,Monarch (OTHER Observations),31,137,28,2021,2.83,2.1
3,2020,Monarch Adult (FIRST sighted),403,3024,395,2021,2.83,2.1
3,2020,Monarch Adult Sighted,509,2133,388,2021,2.83,2.1
3,2020,Monarch Egg (FIRST sighted),86,1281,82,2021,2.83,2.1
3,2020,Monarch Egg Sighted,51,880,42,2021,2.83,2.1
3,2020,Monarch Larva (FIRST sighted),83,853,83,2021,2.83,2.1
3,2020,Monarch Larva Sighted,72,778,57,2021,2.83,2.1
3,2020,"Monarch, Captive-Reared",30,541,21,2021,2.83,2.1
4,1997,Monarch Adult (FIRST sighted),6,6,6,1998,18.19,5.77
4,1997,Monarch Adult Sighted,112,121,99,1998,18.19,5.77
4,1998,Monarch Adult (FIRST sighted),68,68,63,1999,5.77,5.56
4,1998,Monarch Egg (FIRST sighted),6,6,6,1999,5.77,5.56
4,1999,Monarch (OTHER Observations),35,35,24,2000,5.56,9.05
4,1999,Monarch Adult (FIRST sighted),91,91,79,2000,5.56,9.05
4,2000,Monarch (OTHER Observations),19,19,14,2001,9.05,2.83
4,2000,Monarch Adult (FIRST sighted),112,112,97,2001,9.05,2.83
4,2000,Monarch Egg (FIRST sighted),11,11,11,2001,9.05,2.83
4,2000,Monarch Larva (FIRST sighted),6,6,6,2001,9.05,2.83
4,2001,Milkweed (FIRST sighted),48,48,46,2002,2.83,9.36
4,2001,Monarch (OTHER Observations),46,46,36,2002,2.83,9.36
4,2001,Monarch Adult (FIRST sighted),103,103,97,2002,2.83,9.36
4,2001,Monarch Egg (FIRST sighted),9,9,9,2002,2.83,9.36
4,2001,Monarch Larva (FIRST sighted),15,15,13,2002,2.83,9.36
4,2002,Milkweed (FIRST sighted),96,96,87,2003,9.36,7.54
4,2002,Monarch (OTHER Observations),89,89,51,2003,9.36,7.54
4,2002,Monarch Adult (FIRST sighted),86,86,75,2003,9.36,7.54
4,2002,Monarch Adult Sighted,2,2,1,2003,9.36,7.54
4,2002,Monarch Egg (FIRST sighted),16,16,16,2003,9.36,7.54
4,2002,Monarch Larva (FIRST sighted),7,7,7,2003,9.36,7.54
4,2003,Milkweed (FIRST sighted),71,71,69,2004,7.54,11.12
4,2003,Monarch (OTHER Observations),45,45,33,2004,7.54,11.12
4,2003,Monarch Adult (FIRST sighted),92,92,81,2004,7.54,11.12
4,2003,Monarch Adult Sighted,2,2,2,2004,7.54,11.12
4,2003,Monarch Egg (FIRST sighted),15,15,13,2004,7.54,11.12
4,2003,Monarch Larva (FIRST sighted),10,10,9,2004,7.54,11.12
4,2004,Milkweed (FIRST sighted),65,65,62,2005,11.12,2.19
4,2004,Monarch (OTHER Observations),38,38,28,2005,11.12,2.19
4,2004,Monarch Adult (FIRST sighted),68,68,61,2005,11.12,2.19
4,2004,Monarch Egg (FIRST sighted),10,10,9,2005,11.12,2.19
4,2004,Monarch Larva (FIRST sighted),16,16,16,2005,11.12,2.19
4,2005,Milkweed (FIRST sighted),71,71,67,2006,2.19,5.91
4,2005,Monarch (OTHER Observations),51,51,44,2006,2.19,5.91
4,2005,Monarch Adult (FIRST sighted),97,97,88,2006,2.19,5.91
4,2005,Monarch Egg (FIRST sighted),14,14,14,2006,2.19,5.91
4,2005,Monarch Larva (FIRST sighted),9,9,9,2006,2.19,5.91
4,2006,Milkweed (FIRST sighted),98,98,85,2007,5.91,6.87
4,2006,Monarch (OTHER Observations),53,53,36,2007,5.91,6.87
4,2006,Monarch Adult (FIRST sighted),197,197,178,2007,5.91,6.87
4,2006,Monarch Egg (FIRST sighted),31,31,28,2007,5.91,6.87
4,2006,Monarch Larva (FIRST sighted),23,23,23,2007,5.91,6.87
4,2007,Milkweed (FIRST sighted),51,51,49,2008,6.87,4.61
4,2007,Monarch (OTHER Observations),58,58,34,2008,6.87,4.61
4,2007,Monarch Adult (FIRST sighted),109,109,102,2008,6.87,4.61
4,2007,Monarch Egg (FIRST sighted),27,27,25,2008,6.87,4.61
4,2007,Monarch Larva (FIRST sighted),12,12,12,2008,6.87,4.61
4,2008,Milkweed (FIRST sighted),110,110,102,2009,4.61,3.06
4,2008,Monarch (OTHER Observations),78,78,65,2009,4.61,3.06
4,2008,Monarch Adult (FIRST sighted),175,175,156,2009,4.61,3.06
4,2008,Monarch Egg (FIRST sighted),34,34,31,2009,4.61,3.06
4,2008,Monarch Larva (FIRST sighted),16,16,16,2009,4.61,3.06
4,2009,Milkweed (FIRST sighted),116,116,110,2010,3.06,1.92
4,2009,Monarch (OTHER Observations),38,38,36,2010,3.06,1.92
4,2009,Monarch Adult (FIRST sighted),223,223,206,2010,3.06,1.92
4,2009,Monarch Egg (FIRST sighted),51,51,48,2010,3.06,1.92
4,2009,Monarch Fall Roost,1,130,1,2010,3.06,1.92
4,2009,Monarch Larva (FIRST sighted),22,22,20,2010,3.06,1.92
4,2009,Monarch PEAK Migration,1,1,1,2010,3.06,1.92
4,2010,Milkweed (FIRST sighted),204,204,192,2011,1.92,4.02
4,2010,Monarch (OTHER Observations),43,43,33,2011,1.92,4.02
4,2010,Monarch Adult (FIRST sighted),141,141,128,2011,1.92,4.02
4,2010,Monarch Egg (FIRST sighted),28,28,26,2011,1.92,4.02
4,2010,Monarch Larva (FIRST sighted),23,23,23,2011,1.92,4.02
4,2011,Milkweed (FIRST sighted),151,151,139,2012,4.02,2.89
4,2011,Monarch (OTHER Observations),70,70,46,2012,4.02,2.89
4,2011,Monarch Adult (FIRST sighted),341,341,296,2012,4.02,2.89
4,2011,Monarch Adult Sighted,3,5,3,2012,4.02,2.89
4,2011,Monarch Egg (FIRST sighted),93,93,89,2012,4.02,2.89
4,2011,Monarch Larva (FIRST sighted),43,43,38,2012,4.02,2.89
4,2012,Milkweed (FIRST sighted),167,167,156,2013,2.89,1.19
4,2012,Monarch (OTHER Observations),123,123,71,2013,2.89,1.19
4,2012,Monarch Adult (FIRST sighted),159,159,152,2013,2.89,1.19
4,2012,Monarch Egg (FIRST sighted),52,52,51,2013,2.89,1.19
4,2012,Monarch Larva (FIRST sighted),37,37,33,2013,2.89,1.19
4,2013,Milkweed (FIRST sighted),175,175,158,2014,1.19,0.67
4,2013,Monarch (OTHER Observations),92,92,55,2014,1.19,0.67
4,2013,Monarch Adult (FIRST sighted),121,121,110,2014,1.19,0.67
4,2013,Monarch Egg (FIRST sighted),37,37,35,2014,1.19,0.67
4,2013,Monarch Larva (FIRST sighted),37,37,36,2014,1.19,0.67
4,2014,Milkweed (FIRST sighted),168,168,152,2015,0.67,1.13
4,2014,Monarch (OTHER Observations),130,130,61,2015,0.67,1.13
4,2014,Monarch Adult (FIRST sighted),213,213,194,2015,0.67,1.13
4,2014,Monarch Adult Sighted,3,8,3,2015,0.67,1.13
4,2014,Monarch Egg (FIRST sighted),44,44,42,2015,0.67,1.13
4,2014,Monarch Larva (FIRST sighted),56,56,49,2015,0.67,1.13
4,2015,Milkweed (FIRST sighted),270,270,233,2016,1.13,4.01
4,2015,Monarch (OTHER Observations),154,166,80,2016,1.13,4.01
4,2015,Monarch Adult (FIRST sighted),246,246,200,2016,1.13,4.01
4,2015,Monarch Egg (FIRST sighted),86,189,65,2016,1.13,4.01
4,2015,Monarch Larva (FIRST sighted),74,74,56,2016,1.13,4.01
4,2016,Milkweed (FIRST sighted),333,334,307,2017,4.01,2.91
4,2016,Milkweed Sighted,56,56,55,2017,4.01,2.91
4,2016,Monarch (OTHER Observations),34,155,32,2017,4.01,2.91
4,2016,Monarch Adult (FIRST sighted),158,193,155,2017,4.01,2.91
4,2016,Monarch Adult Sighted,187,400,139,2017,4.01,2.91
4,2016,Monarch Egg (FIRST sighted),47,273,47,2017,4.01,2.91
4,2016,Monarch Egg Sighted,28,321,25,2017,4.01,2.91
4,2016,Monarch Larva (FIRST sighted),67,300,64,2017,4.01,2.91
4,2016,Monarch Larva Sighted,94,739,66,2017,4.01,2.91
4,2016,"Monarch, Captive-Reared",46,184,30,2017,4.01,2.91
4,2017,Milkweed (FIRST sighted),333,334,319,2018,2.91,2.48
4,2017,Milkweed Sighted,83,83,82,2018,2.91,2.48
4,2017,Monarch (OTHER Observations),65,191,38,2018,2.91,2.48
4,2017,Monarch Adult (FIRST sighted),722,2223,695,2018,2.91,2.48
4,2017,Monarch Adult Sighted,565,3345,402,2018,2.91,2.48
4,2017,Monarch Egg (FIRST sighted),295,5449,280,2018,2.91,2.48
4,2017,Monarch Egg Sighted,117,2848,95,2018,2.91,2.48
4,2017,Monarch Larva (FIRST sighted),189,1858,182,2018,2.91,2.48
4,2017,Monarch Larva Sighted,117,2005,85,2018,2.91,2.48
4,2017,"Monarch, Captive-Reared",37,289,33,2018,2.91,2.48
4,2018,Milkweed (FIRST sighted),215,215,199,2019,2.48,6.05
4,2018,Milkweed Sighted,71,71,70,2019,2.48,6.05
4,2018,Monarch (OTHER Observations),47,63,25,2019,2.48,6.05
4,2018,Monarch Adult (FIRST sighted),301,359,294,2019,2.48,6.05
4,2018,Monarch Adult Sighted,380,1066,307,2019,2.48,6.05
4,2018,Monarch Egg (FIRST sighted),93,1240,92,2019,2.48,6.05
4,2018,Monarch Egg Sighted,77,814,72,2019,2.48,6.05
4,2018,Monarch Larva (FIRST sighted),71,555,71,2019,2.48,6.05
4,2018,Monarch Larva Sighted,123,1035,101,2019,2.48,6.05
4,2018,"Monarch, Captive-Reared",43,476,38,2019,2.48,6.05
4,2019,Milkweed (FIRST sighted),433,433,404,2020,6.05,2.83
4,2019,Milkweed Sighted,70,79,68,2020,6.05,2.83
4,2019,Monarch (OTHER Observations),40,204,32,2020,6.05,2.83
4,2019,Monarch Adult (FIRST sighted),419,503,413,2020,6.05,2.83
4,2019,Monarch Adult Sighted,346,1049,270,2020,6.05,2.83
4,2019,Monarch Egg (FIRST sighted),157,2349,155,2020,6.05,2.83
4,2019,Monarch Egg Sighted,53,1549,42,2020,6.05,2.83
4,2019,Monarch Larva (FIRST sighted),104,733,104,2020,6.05,2.83
4,2019,Monarch Larva Sighted,98,1622,81,2020,6.05,2.83
4,2019,"Monarch, Captive-Reared",51,1315,37,2020,6.05,2.83
4,2020,Milkweed (FIRST sighted),318,320,300,2021,2.83,2.1
4,2020,Milkweed Sighted,78,78,68,2021,2.83,2.1
4,2020,Monarch (OTHER Observations),48,191,45,2021,2.83,2.1
4,2020,Monarch Adult (FIRST sighted),394,470,386,2021,2.83,2.1
4,2020,Monarch Adult Sighted,410,883,294,2021,2.83,2.1
4,2020,Monarch Egg (FIRST sighted),134,2155,133,2021,2.83,2.1
4,2020,Monarch Egg Sighted,71,1248,62,2021,2.83,2.1
4,2020,Monarch Larva (FIRST sighted),95,770,91,2021,2.83,2.1
4,2020,Monarch Larva Sighted,84,903,70,2021,2.83,2.1
4,2020,"Monarch, Captive-Reared",75,994,55,2021,2.83,2.1
5,1997,Monarch Adult (FIRST sighted),4,4,4,1998,18.19,5.77
5,1997,Monarch Adult Sighted,97,97,80,1998,18.19,5.77
5,1998,Monarch Adult (FIRST sighted),152,152,139,1999,5.77,5.56
5,1998,Monarch Egg (FIRST sighted),5,5,5,1999,5.77,5.56
5,1999,Monarch (OTHER Observations),22,22,18,2000,5.56,9.05
5,1999,Monarch Adult (FIRST sighted),157,157,138,2000,5.56,9.05
5,2000,Monarch (OTHER Observations),15,15,14,2001,9.05,2.83
5,2000,Monarch Adult (FIRST sighted),161,161,142,2001,9.05,2.83
5,2000,Monarch Egg (FIRST sighted),26,26,24,2001,9.05,2.83
5,2000,Monarch Larva (FIRST sighted),2,2,2,2001,9.05,2.83
5,2001,Milkweed (FIRST sighted),69,69,67,2002,2.83,9.36
5,2001,Monarch (OTHER Observations),31,31,26,2002,2.83,9.36
5,2001,Monarch Adult (FIRST sighted),273,273,238,2002,2.83,9.36
5,2001,Monarch Egg (FIRST sighted),33,33,30,2002,2.83,9.36
5,2001,Monarch Larva (FIRST sighted),6,6,4,2002,2.83,9.36
5,2002,Milkweed (FIRST sighted),71,71,65,2003,9.36,7.54
5,2002,Milkweed Sighted,1,1,1,2003,9.36,7.54
5,2002,Monarch (OTHER Observations),39,39,30,2003,9.36,7.54
5,2002,Monarch Adult (FIRST sighted),182,182,161,2003,9.36,7.54
5,2002,Monarch Egg (FIRST sighted),14,14,13,2003,9.36,7.54
5,2002,Monarch Larva (FIRST sighted),10,10,9,2003,9.36,7.54
5,2003,Milkweed (FIRST sighted),69,69,62,2004,7.54,11.12
5,2003,Monarch (OTHER Observations),26,26,23,2004,7.54,11.12
5,2003,Monarch Adult (FIRST sighted),117,117,110,2004,7.54,11.12
5,2003,Monarch Egg (FIRST sighted),23,23,22,2004,7.54,11.12
5,2003,Monarch Larva (FIRST sighted),14,14,14,2004,7.54,11.12
5,2004,Milkweed (FIRST sighted),71,71,70,2005,11.12,2.19
5,2004,Monarch (OTHER Observations),30,30,28,2005,11.12,2.19
5,2004,Monarch Adult (FIRST sighted),110,110,99,2005,11.12,2.19
5,2004,Monarch Egg (FIRST sighted),21,21,20,2005,11.12,2.19
5,2004,Monarch Larva (FIRST sighted),7,7,7,2005,11.12,2.19
5,2005,Milkweed (FIRST sighted),152,152,133,2006,2.19,5.91
5,2005,Monarch (OTHER Observations),24,24,22,2006,2.19,5.91
5,2005,Monarch Adult (FIRST sighted),104,104,99,2006,2.19,5.91
5,2005,Monarch Egg (FIRST sighted),19,19,19,2006,2.19,5.91
5,2005,Monarch Larva (FIRST sighted),3,3,3,2006,2.19,5.91
5,2006,Milkweed (FIRST sighted),97,97,92,2007,5.91,6.87
5,2006,Monarch (OTHER Observations),59,59,54,2007,5.91,6.87
5,2006,Monarch Adult (FIRST sighted),286,286,256,2007,5.91,6.87
5,2006,Monarch Egg (FIRST sighted),86,86,80,2007,5.91,6.87
5,2006,Monarch Larva (FIRST sighted),38,38,35,2007,5.91,6.87
5,2007,Milkweed (FIRST sighted),94,94,87,2008,6.87,4.61
5,2007,Monarch (OTHER Observations),30,30,28,2008,6.87,4.61
5,2007,Monarch Adult (FIRST sighted),286,286,251,2008,6.87,4.61
5,2007,Monarch Egg (FIRST sighted),68,68,63,2008,6.87,4.61
5,2007,Monarch Larva (FIRST sighted),20,20,19,2008,6.87,4.61
5,2008,Milkweed (FIRST sighted),144,144,131,2009,4.61,3.06
5,2008,Monarch (OTHER Observations),47,47,43,2009,4.61,3.06
5,2008,Monarch Adult (FIRST sighted),178,178,163,2009,4.61,3.06
5,2008,Monarch Egg (FIRST sighted),50,50,49,2009,4.61,3.06
5,2008,Monarch Larva (FIRST sighted),16,16,16,2009,4.61,3.06
5,2009,Milkweed (FIRST sighted),135,135,124,2010,3.06,1.92
5,2009,Monarch (OTHER Observations),33,33,29,2010,3.06,1.92
5,2009,Monarch Adult (FIRST sighted),226,226,204,2010,3.06,1.92
5,2009,Monarch Egg (FIRST sighted),59,59,57,2010,3.06,1.92
5,2009,Monarch Larva (FIRST sighted),28,28,27,2010,3.06,1.92
5,2010,Milkweed (FIRST sighted),76,76,73,2011,1.92,4.02
5,2010,Monarch (OTHER Observations),44,44,38,2011,1.92,4.02
5,2010,Monarch Adult (FIRST sighted),406,406,351,2011,1.92,4.02
5,2010,Monarch Adult Sighted,4,4,4,2011,1.92,4.02
5,2010,Monarch Egg (FIRST sighted),133,133,121,2011,1.92,4.02
5,2010,Monarch Larva (FIRST sighted),36,36,33,2011,1.92,4.02
5,2011,Milkweed (FIRST sighted),144,144,132,2012,4.02,2.89
5,2011,Monarch (OTHER Observations),43,43,35,2012,4.02,2.89
5,2011,Monarch Adult (FIRST sighted),271,271,246,2012,4.02,2.89
5,2011,Monarch Adult Sighted,1,1,1,2012,4.02,2.89
5,2011,Monarch Egg (FIRST sighted),64,64,60,2012,4.02,2.89
5,2011,Monarch Larva (FIRST sighted),29,29,29,2012,4.02,2.89
5,2012,Milkweed (FIRST sighted),53,53,45,2013,2.89,1.19
5,2012,Monarch (OTHER Observations),93,93,73,2013,2.89,1.19
5,2012,Monarch Adult (FIRST sighted),462,462,408,2013,2.89,1.19
5,2012,Monarch Adult Sighted,2,6,2,2013,2.89,1.19
5,2012,Monarch Egg (FIRST sighted),168,168,154,2013,2.89,1.19
5,2012,Monarch Larva (FIRST sighted),51,51,48,2013,2.89,1.19
5,2013,Milkweed (FIRST sighted),226,226,208,2014,1.19,0.67
5,2013,Monarch (OTHER Observations),93,93,68,2014,1.19,0.67
5,2013,Monarch Adult (FIRST sighted),190,190,174,2014,1.19,0.67
5,2013,Monarch Adult Sighted,7,23,7,2014,1.19,0.67
5,2013,Monarch Egg (FIRST sighted),41,41,38,2014,1.19,0.67
5,2013,Monarch Larva (FIRST sighted),13,13,13,2014,1.19,0.67
5,2014,Milkweed (FIRST sighted),210,210,189,2015,0.67,1.13
5,2014,Monarch (OTHER Observations),118,118,81,2015,0.67,1.13
5,2014,Monarch Adult (FIRST sighted),333,333,295,2015,0.67,1.13
5,2014,Monarch Adult Sighted,8,15,8,2015,0.67,1.13
5,2014,Monarch Egg (FIRST sighted),126,126,122,2015,0.67,1.13
5,2014,Monarch Egg Sighted,3,3,2,2015,0.67,1.13
5,2014,Monarch Larva (FIRST sighted),57,57,55,2015,0.67,1.13
5,2014,Monarch Larva Sighted,5,12,5,2015,0.67,1.13
5,2015,Milkweed (FIRST sighted),233,233,194,2016,1.13,4.01
5,2015,Monarch (OTHER Observations),84,84,64,2016,1.13,4.01
5,2015,Monarch Adult (FIRST sighted),303,406,276,2016,1.13,4.01
5,2015,Monarch Adult Sighted,6,33,6,2016,1.13,4.01
5,2015,Monarch Egg (FIRST sighted),102,102,97,2016,1.13,4.01
5,2015,Monarch Egg Sighted,2,39,2,2016,1.13,4.01
5,2015,Monarch Larva (FIRST sighted),47,47,45,2016,1.13,4.01
5,2015,Monarch Larva Sighted,4,6,4,2016,1.13,4.01
5,2016,Milkweed (FIRST sighted),180,180,174,2017,4.01,2.91
5,2016,Milkweed Sighted,103,112,86,2017,4.01,2.91
5,2016,Monarch (OTHER Observations),35,91,32,2017,4.01,2.91
5,2016,Monarch Adult (FIRST sighted),373,438,370,2017,4.01,2.91
5,2016,Monarch Adult Sighted,187,289,164,2017,4.01,2.91
5,2016,Monarch Egg (FIRST sighted),117,773,114,2017,4.01,2.91
5,2016,Monarch Egg Sighted,38,447,30,2017,4.01,2.91
5,2016,Monarch Larva (FIRST sighted),37,156,37,2017,4.01,2.91
5,2016,Monarch Larva Sighted,41,263,38,2017,4.01,2.91
5,2016,"Monarch, Captive-Reared",76,232,36,2017,4.01,2.91
5,2017,Milkweed (FIRST sighted),136,136,133,2018,2.91,2.48
5,2017,Milkweed Sighted,97,97,96,2018,2.91,2.48
5,2017,Monarch (OTHER Observations),28,117,26,2018,2.91,2.48
5,2017,Monarch Adult (FIRST sighted),487,560,476,2018,2.91,2.48
5,2017,Monarch Adult Sighted,263,525,219,2018,2.91,2.48
5,2017,Monarch Egg (FIRST sighted),203,1373,198,2018,2.91,2.48
5,2017,Monarch Egg Sighted,80,668,63,2018,2.91,2.48
5,2017,Monarch Larva (FIRST sighted),103,731,101,2018,2.91,2.48
5,2017,Monarch Larva Sighted,112,824,87,2018,2.91,2.48
5,2017,"Monarch, Captive-Reared",180,1178,109,2018,2.91,2.48
5,2018,Milkweed (FIRST sighted),346,346,333,2019,2.48,6.05
5,2018,Milkweed Sighted,113,113,105,2019,2.48,6.05
5,2018,Monarch (OTHER Observations),31,71,26,2019,2.48,6.05
5,2018,Monarch Adult (FIRST sighted),885,1067,859,2019,2.48,6.05
5,2018,Monarch Adult Sighted,398,650,340,2019,2.48,6.05
5,2018,Monarch Egg (FIRST sighted),350,3558,343,2019,2.48,6.05
5,2018,Monarch Egg Sighted,139,1379,109,2019,2.48,6.05
5,2018,Monarch Larva (FIRST sighted),160,926,155,2019,2.48,6.05
5,2018,Monarch Larva Sighted,114,821,94,2019,2.48,6.05
5,2018,"Monarch, Captive-Reared",118,870,68,2019,2.48,6.05
5,2019,Milkweed (FIRST sighted),298,304,291,2020,6.05,2.83
5,2019,Milkweed Sighted,108,108,97,2020,6.05,2.83
5,2019,Monarch (OTHER Observations),29,109,24,2020,6.05,2.83
5,2019,Monarch Adult (FIRST sighted),1011,1243,984,2020,6.05,2.83
5,2019,Monarch Adult Sighted,447,913,373,2020,6.05,2.83
5,2019,Monarch Egg (FIRST sighted),365,3319,361,2020,6.05,2.83
5,2019,Monarch Egg Sighted,146,2413,116,2020,6.05,2.83
5,2019,Monarch Larva (FIRST sighted),133,592,132,2020,6.05,2.83
5,2019,Monarch Larva Sighted,109,1087,88,2020,6.05,2.83
5,2019,"Monarch, Captive-Reared",159,1569,81,2020,6.05,2.83
5,2020,Milkweed (FIRST sighted),413,413,397,2021,2.83,2.1
5,2020,Milkweed Sighted,120,120,108,2021,2.83,2.1
5,2020,Monarch (OTHER Observations),40,170,33,2021,2.83,2.1
5,2020,Monarch Adult (FIRST sighted),1030,1242,1018,2021,2.83,2.1
5,2020,Monarch Adult Sighted,389,603,305,2021,2.83,2.1
5,2020,Monarch Egg (FIRST sighted),293,2370,282,2021,2.83,2.1
5,2020,Monarch Egg Sighted,86,551,77,2021,2.83,2.1
5,2020,Monarch Larva (FIRST sighted),113,486,110,2021,2.83,2.1
5,2020,Monarch Larva Sighted,64,298,57,2021,2.83,2.1
5,2020,"Monarch, Captive-Reared",92,471,53,2021,2.83,2.1
6,1996,Monarch Adult Sighted,1,1,1,1997,12.61,18.19
6,1997,Monarch Adult (FIRST sighted),3,3,3,1998,18.19,5.77
6,1997,Monarch Adult Sighted,59,59,57,1998,18.19,5.77
6,1997,Monarch Egg (FIRST sighted),1,1,1,1998,18.19,5.77
6,1998,Monarch Adult (FIRST sighted),37,37,34,1999,5.77,5.56
6,1998,Monarch Egg (FIRST sighted),2,2,2,1999,5.77,5.56
6,1999,Monarch (OTHER Observations),31,31,25,2000,5.56,9.05
6,1999,Monarch Adult (FIRST sighted),38,38,35,2000,5.56,9.05
6,2000,Monarch (OTHER Observations),5,5,5,2001,9.05,2.83
6,2000,Monarch Adult (FIRST sighted),48,48,48,2001,9.05,2.83
6,2000,Monarch Egg (FIRST sighted),1,1,1,2001,9.05,2.83
6,2000,Monarch Larva (FIRST sighted),2,2,2,2001,9.05,2.83
6,2001,Monarch (OTHER Observations),27,27,25,2002,2.83,9.36
6,2001,Monarch Adult (FIRST sighted),63,63,59,2002,2.83,9.36
6,2001,Monarch Egg (FIRST sighted),11,11,10,2002,2.83,9.36
6,2001,Monarch Larva (FIRST sighted),12,12,12,2002,2.83,9.36
6,2002,Milkweed (FIRST sighted),7,7,7,2003,9.36,7.54
6,2002,Monarch (OTHER Observations),26,26,22,2003,9.36,7.54
6,2002,Monarch Adult (FIRST sighted),80,80,78,2003,9.36,7.54
6,2002,Monarch Egg (FIRST sighted),19,19,17,2003,9.36,7.54
6,2002,Monarch Larva (FIRST sighted),8,8,8,2003,9.36,7.54
6,2003,Milkweed (FIRST sighted),3,3,3,2004,7.54,11.12
6,2003,Monarch (OTHER Observations),41,41,38,2004,7.54,11.12
6,2003,Monarch Adult (FIRST sighted),97,97,92,2004,7.54,11.12
6,2003,Monarch Egg (FIRST sighted),16,16,16,2004,7.54,11.12
6,2003,Monarch Larva (FIRST sighted),11,11,11,2004,7.54,11.12
6,2004,Milkweed (FIRST sighted),9,9,9,2005,11.12,2.19
6,2004,Monarch (OTHER Observations),13,13,10,2005,11.12,2.19
6,2004,Monarch Adult (FIRST sighted),97,97,91,2005,11.12,2.19
6,2004,Monarch Egg (FIRST sighted),27,27,23,2005,11.12,2.19
6,2004,Monarch Larva (FIRST sighted),12,12,12,2005,11.12,2.19
6,2005,Milkweed (FIRST sighted),19,19,18,2006,2.19,5.91
6,2005,Monarch (OTHER Observations),58,58,48,2006,2.19,5.91
6,2005,Monarch Adult (FIRST sighted),183,183,163,2006,2.19,5.91
6,2005,Monarch Egg (FIRST sighted),43,43,36,2006,2.19,5.91
6,2005,Monarch Larva (FIRST sighted),26,26,23,2006,2.19,5.91
6,2006,Milkweed (FIRST sighted),5,5,5,2007,5.91,6.87
6,2006,Monarch (OTHER Observations),19,19,18,2007,5.91,6.87
6,2006,Monarch Adult (FIRST sighted),100,100,95,2007,5.91,6.87
6,2006,Monarch Egg (FIRST sighted),9,9,9,2007,5.91,6.87
6,2006,Monarch Larva (FIRST sighted),23,23,22,2007,5.91,6.87
6,2007,Milkweed (FIRST sighted),2,2,2,2008,6.87,4.61
6,2007,Monarch (OTHER Observations),44,44,39,2008,6.87,4.61
6,2007,Monarch Adult (FIRST sighted),150,150,141,2008,6.87,4.61
6,2007,Monarch Egg (FIRST sighted),28,28,24,2008,6.87,4.61
6,2007,Monarch Larva (FIRST sighted),21,21,20,2008,6.87,4.61
6,2008,Milkweed (FIRST sighted),4,4,4,2009,4.61,3.06
6,2008,Monarch (OTHER Observations),53,53,43,2009,4.61,3.06
6,2008,Monarch Adult (FIRST sighted),224,224,207,2009,4.61,3.06
6,2008,Monarch Egg (FIRST sighted),66,66,59,2009,4.61,3.06
6,2008,Monarch Larva (FIRST sighted),46,46,45,2009,4.61,3.06
6,2009,Milkweed (FIRST sighted),4,4,3,2010,3.06,1.92
6,2009,Monarch (OTHER Observations),56,56,40,2010,3.06,1.92
6,2009,Monarch Adult (FIRST sighted),170,170,156,2010,3.06,1.92
6,2009,Monarch Adult Sighted,1,1,1,2010,3.06,1.92
6,2009,Monarch Egg (FIRST sighted),60,60,57,2010,3.06,1.92
6,2009,Monarch Larva (FIRST sighted),25,25,22,2010,3.06,1.92
6,2009,Monarch Larva Sighted,1,2,1,2010,3.06,1.92
6,2010,Monarch (OTHER Observations),76,76,62,2011,1.92,4.02
6,2010,Monarch Adult (FIRST sighted),131,131,129,2011,1.92,4.02
6,2010,Monarch Adult Sighted,1,1,1,2011,1.92,4.02
6,2010,Monarch Egg (FIRST sighted),43,43,39,2011,1.92,4.02
6,2010,Monarch Larva (FIRST sighted),43,43,40,2011,1.92,4.02
6,2010,Monarch PEAK Migration,1,6,1,2011,1.92,4.02
6,2011,Milkweed (FIRST sighted),8,8,8,2012,4.02,2.89
6,2011,Monarch (OTHER Observations),45,45,34,2012,4.02,2.89
6,2011,Monarch Adult (FIRST sighted),221,221,207,2012,4.02,2.89
6,2011,Monarch Egg (FIRST sighted),72,72,60,2012,4.02,2.89
6,2011,Monarch Larva (FIRST sighted),37,37,32,2012,4.02,2.89
6,2012,Monarch (OTHER Observations),47,47,38,2013,2.89,1.19
6,2012,Monarch Adult (FIRST sighted),88,88,83,2013,2.89,1.19
6,2012,Monarch Adult Sighted,3,5,3,2013,2.89,1.19
6,2012,Monarch Egg (FIRST sighted),11,11,11,2013,2.89,1.19
6,2012,Monarch Egg Sighted,1,1,1,2013,2.89,1.19
6,2012,Monarch Larva (FIRST sighted),19,19,17,2013,2.89,1.19
6,2013,Milkweed (FIRST sighted),12,12,11,2014,1.19,0.67
6,2013,Monarch (OTHER Observations),83,83,64,2014,1.19,0.67
6,2013,Monarch Adult (FIRST sighted),270,270,244,2014,1.19,0.67
6,2013,Monarch Adult Sighted,5,8,5,2014,1.19,0.67
6,2013,Monarch Egg (FIRST sighted),78,78,74,2014,1.19,0.67
6,2013,Monarch Larva (FIRST sighted),31,31,30,2014,1.19,0.67
6,2014,Milkweed (FIRST sighted),9,9,9,2015,0.67,1.13
6,2014,Monarch (OTHER Observations),121,141,99,2015,0.67,1.13
6,2014,Monarch Adult (FIRST sighted),337,340,304,2015,0.67,1.13
6,2014,Monarch Adult Sighted,54,69,45,2015,0.67,1.13
6,2014,Monarch Egg (FIRST sighted),100,103,93,2015,0.67,1.13
6,2014,Monarch Egg Sighted,13,44,12,2015,0.67,1.13
6,2014,Monarch Larva (FIRST sighted),111,111,103,2015,0.67,1.13
6,2014,Monarch Larva Sighted,18,37,17,2015,0.67,1.13
6,2015,Milkweed (FIRST sighted),4,4,4,2016,1.13,4.01
6,2015,Milkweed Sighted,1,1,1,2016,1.13,4.01
6,2015,Monarch (OTHER Observations),157,158,88,2016,1.13,4.01
6,2015,Monarch Adult (FIRST sighted),513,518,437,2016,1.13,4.01
6,2015,Monarch Adult Sighted,20,52,20,2016,1.13,4.01
6,2015,Monarch Egg (FIRST sighted),157,194,144,2016,1.13,4.01
6,2015,Monarch Egg Sighted,2,13,2,2016,1.13,4.01
6,2015,Monarch Larva (FIRST sighted),119,122,110,2016,1.13,4.01
6,2015,Monarch Larva Sighted,5,45,4,2016,1.13,4.01
6,2015,"Monarch, Captive-Reared",5,65,5,2016,1.13,4.01
6,2016,Milkweed (FIRST sighted),8,8,8,2017,4.01,2.91
6,2016,Milkweed Sighted,59,59,54,2017,4.01,2.91
6,2016,Monarch (OTHER Observations),41,211,31,2017,4.01,2.91
6,2016,Monarch Adult (FIRST sighted),494,575,480,2017,4.01,2.91
6,2016,Monarch Adult Sighted,300,551,262,2017,4.01,2.91
6,2016,Monarch Egg (FIRST sighted),115,642,114,2017,4.01,2.91
6,2016,Monarch Egg Sighted,72,792,58,2017,4.01,2.91
6,2016,Monarch Larva (FIRST sighted),108,365,107,2017,4.01,2.91
6,2016,Monarch Larva Sighted,72,300,65,2017,4.01,2.91
6,2016,"Monarch, Captive-Reared",75,310,46,2017,4.01,2.91
6,2017,Milkweed (FIRST sighted),15,15,15,2018,2.91,2.48
6,2017,Milkweed Sighted,48,48,42,2018,2.91,2.48
6,2017,Monarch (OTHER Observations),23,54,21,2018,2.91,2.48
6,2017,Monarch Adult (FIRST sighted),637,771,627,2018,2.91,2.48
6,2017,Monarch Adult Sighted,593,856,461,2018,2.91,2.48
6,2017,Monarch Egg (FIRST sighted),171,862,170,2018,2.91,2.48
6,2017,Monarch Egg Sighted,165,1550,129,2018,2.91,2.48
6,2017,Monarch Larva (FIRST sighted),160,448,155,2018,2.91,2.48
6,2017,Monarch Larva Sighted,140,450,104,2018,2.91,2.48
6,2017,"Monarch, Captive-Reared",182,1212,117,2018,2.91,2.48
6,2018,Milkweed (FIRST sighted),6,13,6,2019,2.48,6.05
6,2018,Milkweed Sighted,44,44,41,2019,2.48,6.05
6,2018,Monarch (OTHER Observations),23,76,21,2019,2.48,6.05
6,2018,Monarch Adult (FIRST sighted),407,513,402,2019,2.48,6.05
6,2018,Monarch Adult Sighted,529,978,394,2019,2.48,6.05
6,2018,Monarch Egg (FIRST sighted),129,757,124,2019,2.48,6.05
6,2018,Monarch Egg Sighted,172,1478,112,2019,2.48,6.05
6,2018,Monarch Larva (FIRST sighted),176,575,173,2019,2.48,6.05
6,2018,Monarch Larva Sighted,187,773,131,2019,2.48,6.05
6,2018,"Monarch, Captive-Reared",219,1164,116,2019,2.48,6.05
6,2019,Milkweed (FIRST sighted),19,19,19,2020,6.05,2.83
6,2019,Milkweed Sighted,60,60,59,2020,6.05,2.83
6,2019,Monarch (OTHER Observations),21,53,16,2020,6.05,2.83
6,2019,Monarch Adult (FIRST sighted),534,665,530,2020,6.05,2.83
6,2019,Monarch Adult Sighted,603,1108,481,2020,6.05,2.83
6,2019,Monarch Egg (FIRST sighted),200,1495,200,2020,6.05,2.83
6,2019,Monarch Egg Sighted,150,1666,121,2020,6.05,2.83
6,2019,Monarch Larva (FIRST sighted),232,786,229,2020,6.05,2.83
6,2019,Monarch Larva Sighted,170,1313,136,2020,6.05,2.83
6,2019,"Monarch, Captive-Reared",180,1758,115,2020,6.05,2.83
6,2020,Milkweed (FIRST sighted),35,35,33,2021,2.83,2.1
6,2020,Milkweed Sighted,113,132,103,2021,2.83,2.1
6,2020,Monarch (OTHER Observations),54,458,35,2021,2.83,2.1
6,2020,Monarch Adult (FIRST sighted),716,820,700,2021,2.83,2.1
6,2020,Monarch Adult Sighted,530,857,409,2021,2.83,2.1
6,2020,Monarch Egg (FIRST sighted),226,1272,221,2021,2.83,2.1
6,2020,Monarch Egg Sighted,99,687,79,2021,2.83,2.1
6,2020,Monarch Larva (FIRST sighted),234,618,229,2021,2.83,2.1
6,2020,Monarch Larva Sighted,122,582,95,2021,2.83,2.1
6,2020,"Monarch, Captive-Reared",161,1300,97,2021,2.83,2.1
7,1997,Monarch Adult Sighted,7,7,7,1998,18.19,5.77
7,1998,Monarch Adult (FIRST sighted),10,10,10,1999,5.77,5.56
7,1998,Monarch Egg (FIRST sighted),3,3,3,1999,5.77,5.56
7,1999,Monarch (OTHER Observations),15,15,11,2000,5.56,9.05
7,1999,Monarch Adult (FIRST sighted),5,5,5,2000,5.56,9.05
7,2000,Monarch (OTHER Observations),5,5,4,2001,9.05,2.83
7,2000,Monarch Adult (FIRST sighted),4,4,4,2001,9.05,2.83
7,2001,Monarch (OTHER Observations),13,13,12,2002,2.83,9.36
7,2001,Monarch Adult (FIRST sighted),13,13,12,2002,2.83,9.36
7,2001,Monarch Larva (FIRST sighted),3,3,3,2002,2.83,9.36
7,2002,Monarch (OTHER Observations),10,10,10,2003,9.36,7.54
7,2002,Monarch Adult (FIRST sighted),43,43,34,2003,9.36,7.54
7,2002,Monarch Adult Sighted,1,1,1,2003,9.36,7.54
7,2002,Monarch Egg (FIRST sighted),9,9,9,2003,9.36,7.54
7,2002,Monarch Larva (FIRST sighted),9,9,8,2003,9.36,7.54
7,2003,Monarch (OTHER Observations),14,14,14,2004,7.54,11.12
7,2003,Monarch Adult (FIRST sighted),4,4,4,2004,7.54,11.12
7,2003,Monarch Egg (FIRST sighted),3,3,3,2004,7.54,11.12
7,2003,Monarch Larva (FIRST sighted),1,1,1,2004,7.54,11.12
7,2004,Monarch (OTHER Observations),12,12,11,2005,11.12,2.19
7,2004,Monarch Adult (FIRST sighted),17,17,14,2005,11.12,2.19
7,2004,Monarch Egg (FIRST sighted),2,2,2,2005,11.12,2.19
7,2004,Monarch Larva (FIRST sighted),7,7,6,2005,11.12,2.19
7,2005,Monarch (OTHER Observations),16,16,15,2006,2.19,5.91
7,2005,Monarch Adult (FIRST sighted),38,38,34,2006,2.19,5.91
7,2005,Monarch Egg (FIRST sighted),10,10,10,2006,2.19,5.91
7,2005,Monarch Larva (FIRST sighted),10,10,9,2006,2.19,5.91
7,2006,Monarch (OTHER Observations),29,29,24,2007,5.91,6.87
7,2006,Monarch Adult (FIRST sighted),28,28,26,2007,5.91,6.87
7,2006,Monarch Egg (FIRST sighted),6,6,6,2007,5.91,6.87
7,2006,Monarch Larva (FIRST sighted),7,7,6,2007,5.91,6.87
7,2006,Monarch PEAK Migration,1,1,1,2007,5.91,6.87
7,2007,Monarch (OTHER Observations),19,19,16,2008,6.87,4.61
7,2007,Monarch Adult (FIRST sighted),28,28,26,2008,6.87,4.61
7,2007,Monarch Egg (FIRST sighted),5,5,5,2008,6.87,4.61
7,2007,Monarch Larva (FIRST sighted),11,11,10,2008,6.87,4.61
7,2008,Monarch (OTHER Observations),18,18,14,2009,4.61,3.06
7,2008,Monarch Adult (FIRST sighted),39,39,36,2009,4.61,3.06
7,2008,Monarch Egg (FIRST sighted),9,9,9,2009,4.61,3.06
7,2008,Monarch Larva (FIRST sighted),12,12,11,2009,4.61,3.06
7,2009,Milkweed (FIRST sighted),1,1,1,2010,3.06,1.92
7,2009,Monarch (OTHER Observations),32,32,29,2010,3.06,1.92
7,2009,Monarch Adult (FIRST sighted),77,77,67,2010,3.06,1.92
7,2009,Monarch Adult Sighted,3,5,2,2010,3.06,1.92
7,2009,Monarch Egg (FIRST sighted),8,8,8,2010,3.06,1.92
7,2009,Monarch Larva (FIRST sighted),21,21,18,2010,3.06,1.92
7,2010,Monarch (OTHER Observations),50,50,37,2011,1.92,4.02
7,2010,Monarch Adult (FIRST sighted),71,71,63,2011,1.92,4.02
7,2010,Monarch Adult Sighted,6,6,6,2011,1.92,4.02
7,2010,Monarch Egg (FIRST sighted),21,21,21,2011,1.92,4.02
7,2010,Monarch Larva (FIRST sighted),24,24,24,2011,1.92,4.02
7,2010,Monarch PEAK Migration,1,5,1,2011,1.92,4.02
7,2011,Monarch (OTHER Observations),88,88,73,2012,4.02,2.89
7,2011,Monarch Adult (FIRST sighted),90,90,86,2012,4.02,2.89
7,2011,Monarch Adult Sighted,7,9,7,2012,4.02,2.89
7,2011,Monarch Egg (FIRST sighted),17,17,16,2012,4.02,2.89
7,2011,Monarch Larva (FIRST sighted),22,22,21,2012,4.02,2.89
7,2012,Monarch (OTHER Observations),63,69,47,2013,2.89,1.19
7,2012,Monarch Adult (FIRST sighted),63,63,57,2013,2.89,1.19
7,2012,Monarch Adult Sighted,8,23,8,2013,2.89,1.19
7,2012,Monarch Egg (FIRST sighted),16,16,16,2013,2.89,1.19
7,2012,Monarch Egg Sighted,2,2,2,2013,2.89,1.19
7,2012,Monarch Larva (FIRST sighted),21,21,20,2013,2.89,1.19
7,2012,Monarch Larva Sighted,4,15,4,2013,2.89,1.19
7,2013,Monarch (OTHER Observations),135,135,100,2014,1.19,0.67
7,2013,Monarch Adult (FIRST sighted),301,310,268,2014,1.19,0.67
7,2013,Monarch Adult Sighted,35,44,32,2014,1.19,0.67
7,2013,Monarch Egg (FIRST sighted),74,74,70,2014,1.19,0.67
7,2013,Monarch Egg Sighted,8,26,8,2014,1.19,0.67
7,2013,Monarch Larva (FIRST sighted),47,47,46,2014,1.19,0.67
7,2013,Monarch Larva Sighted,6,11,6,2014,1.19,0.67
7,2014,Monarch (OTHER Observations),118,260,79,2015,0.67,1.13
7,2014,Monarch Adult (FIRST sighted),229,231,205,2015,0.67,1.13
7,2014,Monarch Adult Sighted,839,1530,583,2015,0.67,1.13
7,2014,Monarch Egg (FIRST sighted),41,41,38,2015,0.67,1.13
7,2014,Monarch Egg Sighted,193,447,125,2015,0.67,1.13
7,2014,Monarch Larva (FIRST sighted),16,16,15,2015,0.67,1.13
7,2014,Monarch Larva Sighted,193,357,152,2015,0.67,1.13
7,2015,Monarch (OTHER Observations),154,350,60,2016,1.13,4.01
7,2015,Monarch Adult (FIRST sighted),267,361,245,2016,1.13,4.01
7,2015,Monarch Adult Sighted,434,980,270,2016,1.13,4.01
7,2015,Monarch Egg (FIRST sighted),77,520,71,2016,1.13,4.01
7,2015,Monarch Egg Sighted,143,1094,66,2016,1.13,4.01
7,2015,Monarch Larva (FIRST sighted),80,198,78,2016,1.13,4.01
7,2015,Monarch Larva Sighted,133,525,76,2016,1.13,4.01
7,2015,"Monarch, Captive-Reared",26,362,16,2016,1.13,4.01
7,2016,Milkweed (FIRST sighted),1,1,1,2017,4.01,2.91
7,2016,Milkweed Sighted,27,27,26,2017,4.01,2.91
7,2016,Monarch (OTHER Observations),107,200,84,2017,4.01,2.91
7,2016,Monarch Adult (FIRST sighted),416,503,399,2017,4.01,2.91
7,2016,Monarch Adult Sighted,931,1642,723,2017,4.01,2.91
7,2016,Monarch Egg (FIRST sighted),108,775,106,2017,4.01,2.91
7,2016,Monarch Egg Sighted,269,2074,183,2017,4.01,2.91
7,2016,Monarch Larva (FIRST sighted),99,213,97,2017,4.01,2.91
7,2016,Monarch Larva Sighted,211,727,176,2017,4.01,2.91
7,2016,"Monarch, Captive-Reared",150,722,110,2017,4.01,2.91
7,2017,Milkweed (FIRST sighted),2,2,2,2018,2.91,2.48
7,2017,Milkweed Sighted,34,34,32,2018,2.91,2.48
7,2017,Monarch (OTHER Observations),124,494,84,2018,2.91,2.48
7,2017,Monarch Adult (FIRST sighted),264,346,242,2018,2.91,2.48
7,2017,Monarch Adult Sighted,1286,2619,810,2018,2.91,2.48
7,2017,Monarch Egg (FIRST sighted),94,596,85,2018,2.91,2.48
7,2017,Monarch Egg Sighted,396,3956,210,2018,2.91,2.48
7,2017,Monarch Larva (FIRST sighted),91,260,89,2018,2.91,2.48
7,2017,Monarch Larva Sighted,298,1168,178,2018,2.91,2.48
7,2017,"Monarch, Captive-Reared",298,1718,135,2018,2.91,2.48
7,2018,Milkweed (FIRST sighted),2,2,2,2019,2.48,6.05
7,2018,Milkweed Sighted,19,19,19,2019,2.48,6.05
7,2018,Monarch (OTHER Observations),41,308,34,2019,2.48,6.05
7,2018,Monarch Adult (FIRST sighted),254,338,250,2019,2.48,6.05
7,2018,Monarch Adult Sighted,1375,4220,893,2019,2.48,6.05
7,2018,Monarch Egg (FIRST sighted),81,603,79,2019,2.48,6.05
7,2018,Monarch Egg Sighted,341,3251,213,2019,2.48,6.05
7,2018,Monarch Larva (FIRST sighted),124,648,119,2019,2.48,6.05
7,2018,Monarch Larva Sighted,407,2073,243,2019,2.48,6.05
7,2018,"Monarch, Captive-Reared",369,2772,127,2019,2.48,6.05
7,2019,Milkweed (FIRST sighted),2,2,2,2020,6.05,2.83
7,2019,Milkweed Sighted,31,31,30,2020,6.05,2.83
7,2019,Monarch (OTHER Observations),56,224,42,2020,6.05,2.83
7,2019,Monarch Adult (FIRST sighted),253,318,249,2020,6.05,2.83
7,2019,Monarch Adult Sighted,1255,3204,819,2020,6.05,2.83
7,2019,Monarch Egg (FIRST sighted),56,413,56,2020,6.05,2.83
7,2019,Monarch Egg Sighted,213,5129,133,2020,6.05,2.83
7,2019,Monarch Fall Roost,2,15,1,2020,6.05,2.83
7,2019,Monarch Larva (FIRST sighted),96,304,92,2020,6.05,2.83
7,2019,Monarch Larva Sighted,306,2600,219,2020,6.05,2.83
7,2019,"Monarch, Captive-Reared",329,1836,125,2020,6.05,2.83
7,2020,Milkweed (FIRST sighted),2,2,2,2021,2.83,2.1
7,2020,Milkweed Sighted,47,47,46,2021,2.83,2.1
7,2020,Monarch (OTHER Observations),45,266,38,2021,2.83,2.1
7,2020,Monarch Adult (FIRST sighted),524,641,510,2021,2.83,2.1
7,2020,Monarch Adult Sighted,1294,3380,810,2021,2.83,2.1
7,2020,Monarch Egg (FIRST sighted),155,738,151,2021,2.83,2.1
7,2020,Monarch Egg Sighted,241,2177,152,2021,2.83,2.1
7,2020,Monarch Larva (FIRST sighted),153,496,150,2021,2.83,2.1
7,2020,Monarch Larva Sighted,300,1330,198,2021,2.83,2.1
7,2020,"Monarch, Captive-Reared",255,3395,98,2021,2.83,2.1
8,1997,Monarch Adult Sighted,27,27,19,1998,18.19,5.77
8,1998,Monarch Adult Sighted,24,24,22,1999,5.77,5.56
8,1999,Monarch (OTHER Observations),46,46,32,2000,5.56,9.05
8,1999,Monarch Adult (FIRST sighted),25,25,16,2000,5.56,9.05
8,2000,Monarch (OTHER Observations),56,56,38,2001,9.05,2.83
8,2000,Monarch Adult (FIRST sighted),27,27,21,2001,9.05,2.83
8,2000,Monarch Adult Sighted,1,1,1,2001,9.05,2.83
8,2000,Monarch PEAK Migration,12,12,12,2001,9.05,2.83
8,2001,Monarch (OTHER Observations),44,44,38,2002,2.83,9.36
8,2001,Monarch Adult (FIRST sighted),278,278,179,2002,2.83,9.36
8,2001,Monarch PEAK Migration,23,23,23,2002,2.83,9.36
8,2002,Monarch (OTHER Observations),72,72,55,2003,9.36,7.54
8,2002,Monarch Adult (FIRST sighted),102,102,74,2003,9.36,7.54
8,2002,Monarch Fall Roost,3,3,3,2003,9.36,7.54
8,2002,Monarch PEAK Migration,4,4,4,2003,9.36,7.54
8,2003,Monarch (OTHER Observations),112,112,82,2004,7.54,11.12
8,2003,Monarch Adult (FIRST sighted),45,45,43,2004,7.54,11.12
8,2003,Monarch Fall Roost,15,2014,12,2004,7.54,11.12
8,2003,Monarch PEAK Migration,6,6,6,2004,7.54,11.12
8,2004,Monarch (OTHER Observations),41,41,38,2005,11.12,2.19
8,2004,Monarch Adult (FIRST sighted),53,53,48,2005,11.12,2.19
8,2004,Monarch Adult Sighted,1,1,1,2005,11.12,2.19
8,2004,Monarch Fall Roost,11,316,9,2005,11.12,2.19
8,2004,Monarch Larva (FIRST sighted),1,1,1,2005,11.12,2.19
8,2004,Monarch PEAK Migration,1,1,1,2005,11.12,2.19
8,2005,Monarch (OTHER Observations),72,72,58,2006,2.19,5.91
8,2005,Monarch Adult (FIRST sighted),129,129,101,2006,2.19,5.91
8,2005,Monarch Fall Roost,36,389,25,2006,2.19,5.91
8,2005,Monarch Larva Sighted,1,5,1,2006,2.19,5.91
8,2005,Monarch PEAK Migration,23,23,18,2006,2.19,5.91
8,2006,Monarch (OTHER Observations),101,101,79,2007,5.91,6.87
8,2006,Monarch Adult (FIRST sighted),124,124,111,2007,5.91,6.87
8,2006,Monarch Fall Roost,33,33,27,2007,5.91,6.87
8,2006,Monarch PEAK Migration,26,26,21,2007,5.91,6.87
8,2007,Monarch (OTHER Observations),77,77,65,2008,6.87,4.61
8,2007,Monarch Adult (FIRST sighted),156,156,133,2008,6.87,4.61
8,2007,Monarch Adult Sighted,1,2,1,2008,6.87,4.61
8,2007,Monarch Egg (FIRST sighted),1,1,1,2008,6.87,4.61
8,2007,Monarch Egg Sighted,1,17,1,2008,6.87,4.61
8,2007,Monarch Fall Roost,68,565,60,2008,6.87,4.61
8,2007,Monarch Larva (FIRST sighted),2,2,2,2008,6.87,4.61
8,2007,Monarch PEAK Migration,39,39,37,2008,6.87,4.61
8,2008,Monarch (OTHER Observations),116,116,98,2009,4.61,3.06
8,2008,Monarch Adult (FIRST sighted),159,159,136,2009,4.61,3.06
8,2008,Monarch Adult Sighted,1,4,1,2009,4.61,3.06
8,2008,Monarch Egg (FIRST sighted),1,1,1,2009,4.61,3.06
8,2008,Monarch Fall Roost,13,4043,13,2009,4.61,3.06
8,2008,Monarch Larva (FIRST sighted),2,2,2,2009,4.61,3.06
8,2009,Monarch (OTHER Observations),167,167,122,2010,3.06,1.92
8,2009,Monarch Adult (FIRST sighted),256,256,206,2010,3.06,1.92
8,2009,Monarch Adult Sighted,19,19,18,2010,3.06,1.92
8,2009,Monarch Egg (FIRST sighted),1,1,1,2010,3.06,1.92
8,2009,Monarch Fall Roost,62,109484,51,2010,3.06,1.92
8,2009,Monarch PEAK Migration,12,12,12,2010,3.06,1.92
8,2009,"Monarch, Captive-Reared",1,1,1,2010,3.06,1.92
8,2010,Monarch (OTHER Observations),99,99,80,2011,1.92,4.02
8,2010,Monarch Adult (FIRST sighted),13,13,13,2011,1.92,4.02
8,2010,Monarch Adult Sighted,731,912,532,2011,1.92,4.02
8,2010,Monarch Fall Roost,63,46335,53,2011,1.92,4.02
8,2010,Monarch Larva (FIRST sighted),2,2,2,2011,1.92,4.02
8,2010,Monarch PEAK Migration,23,23,20,2011,1.92,4.02
8,2011,Monarch (OTHER Observations),71,119,60,2012,4.02,2.89
8,2011,Monarch Adult (FIRST sighted),14,14,13,2012,4.02,2.89
8,2011,Monarch Adult Sighted,607,2693,462,2012,4.02,2.89
8,2011,Monarch Fall Roost,19,6009,17,2012,4.02,2.89
8,2011,Monarch Larva (FIRST sighted),7,7,5,2012,4.02,2.89
8,2011,Monarch PEAK Migration,8,236,6,2012,4.02,2.89
8,2012,Monarch (OTHER Observations),59,174,54,2013,2.89,1.19
8,2012,Monarch Adult Sighted,821,3822,618,2013,2.89,1.19
8,2012,Monarch Egg Sighted,101,303,79,2013,2.89,1.19
8,2012,Monarch Fall Roost,18,2076,11,2013,2.89,1.19
8,2012,Monarch Larva (FIRST sighted),1,1,1,2013,2.89,1.19
8,2012,Monarch Larva Sighted,125,354,99,2013,2.89,1.19
8,2012,Monarch PEAK Migration,11,5012,11,2013,2.89,1.19
8,2013,Monarch (OTHER Observations),86,250,61,2014,1.19,0.67
8,2013,Monarch Adult (FIRST sighted),26,26,26,2014,1.19,0.67
8,2013,Monarch Adult Sighted,1045,3098,723,2014,1.19,0.67
8,2013,Monarch Egg (FIRST sighted),3,3,3,2014,1.19,0.67
8,2013,Monarch Egg Sighted,145,464,117,2014,1.19,0.67
8,2013,Monarch Fall Roost,1,200,1,2014,1.19,0.67
8,2013,Monarch Larva (FIRST sighted),1,1,1,2014,1.19,0.67
8,2013,Monarch Larva Sighted,183,327,141,2014,1.19,0.67
8,2013,Monarch PEAK Migration,3,140,3,2014,1.19,0.67
8,2014,Monarch (OTHER Observations),220,538,119,2015,0.67,1.13
8,2014,Monarch Adult (FIRST sighted),12,12,12,2015,0.67,1.13
8,2014,Monarch Adult Sighted,1292,3204,771,2015,0.67,1.13
8,2014,Monarch Egg Sighted,214,962,157,2015,0.67,1.13
8,2014,Monarch Fall Roost,13,504,12,2015,0.67,1.13
8,2014,Monarch Larva Sighted,408,1194,286,2015,0.67,1.13
8,2014,Monarch PEAK Migration,13,540,13,2015,0.67,1.13
8,2015,Monarch (OTHER Observations),110,434,77,2016,1.13,4.01
8,2015,Monarch Adult (FIRST sighted),2,3,2,2016,1.13,4.01
8,2015,Monarch Adult Sighted,2179,6090,1232,2016,1.13,4.01
8,2015,Monarch Egg Sighted,380,5100,234,2016,1.13,4.01
8,2015,Monarch Fall Roost,32,6156,23,2016,1.13,4.01
8,2015,Monarch Larva Sighted,665,4437,442,2016,1.13,4.01
8,2015,Monarch PEAK Migration,11,1766,10,2016,1.13,4.01
8,2015,"Monarch, Captive-Reared",429,3659,174,2016,1.13,4.01
8,2016,Milkweed Sighted,1,1,1,2017,4.01,2.91
8,2016,Monarch (OTHER Observations),141,211,100,2017,4.01,2.91
8,2016,Monarch Adult (FIRST sighted),5,5,5,2017,4.01,2.91
8,2016,Monarch Adult Sighted,2842,6317,1982,2017,4.01,2.91
8,2016,Monarch Egg Sighted,481,6284,345,2017,4.01,2.91
8,2016,Monarch Fall Roost,16,699,12,2017,4.01,2.91
8,2016,Monarch Larva (FIRST sighted),1,1,1,2017,4.01,2.91
8,2016,Monarch Larva Sighted,723,3444,518,2017,4.01,2.91
8,2016,Monarch PEAK Migration,4,177,4,2017,4.01,2.91
8,2016,"Monarch, Captive-Reared",478,3010,229,2017,4.01,2.91
8,2017,Monarch (OTHER Observations),117,500,100,2018,2.91,2.48
8,2017,Monarch Adult Sighted,2844,8316,1973,2018,2.91,2.48
8,2017,Monarch Egg Sighted,560,6919,361,2018,2.91,2.48
8,2017,Monarch Fall Roost,39,11152,36,2018,2.91,2.48
8,2017,Monarch Larva (FIRST sighted),1,1,1,2018,2.91,2.48
8,2017,Monarch Larva Sighted,1010,6783,664,2018,2.91,2.48
8,2017,Monarch PEAK Migration,16,2234,15,2018,2.91,2.48
8,2017,"Monarch, Captive-Reared",611,3786,255,2018,2.91,2.48
8,2018,Monarch (OTHER Observations),79,510,62,2019,2.48,6.05
8,2018,Monarch Adult (FIRST sighted),1,3,1,2019,2.48,6.05
8,2018,Monarch Adult Sighted,3142,12246,2171,2019,2.48,6.05
8,2018,Monarch Egg Sighted,570,8382,402,2019,2.48,6.05
8,2018,Monarch Fall Roost,149,43974,124,2019,2.48,6.05
8,2018,Monarch Larva (FIRST sighted),1,2,1,2019,2.48,6.05
8,2018,Monarch Larva Sighted,1101,9652,776,2019,2.48,6.05
8,2018,Monarch PEAK Migration,46,8207,45,2019,2.48,6.05
8,2018,"Monarch, Captive-Reared",994,10106,375,2019,2.48,6.05
8,2019,Monarch (OTHER Observations),144,1844,114,2020,6.05,2.83
8,2019,Monarch Adult Sighted,2801,12746,1849,2020,6.05,2.83
8,2019,Monarch Egg (FIRST sighted),1,26,1,2020,6.05,2.83
8,2019,Monarch Egg Sighted,417,5655,295,2020,6.05,2.83
8,2019,Monarch Fall Roost,124,20602,91,2020,6.05,2.83
8,2019,Monarch Larva Sighted,949,9863,708,2020,6.05,2.83
8,2019,Monarch PEAK Migration,21,2511,21,2020,6.05,2.83
8,2019,"Monarch, Captive-Reared",672,5223,272,2020,6.05,2.83
8,2020,Monarch (OTHER Observations),139,853,117,2021,2.83,2.1
8,2020,Monarch Adult (FIRST sighted),2,2,2,2021,2.83,2.1
8,2020,Monarch Adult Sighted,3381,9088,2192,2021,2.83,2.1
8,2020,Monarch Egg (FIRST sighted),1,7,1,2021,2.83,2.1
8,2020,Monarch Egg Sighted,535,6430,347,2021,2.83,2.1
8,2020,Monarch Fall Roost,71,9882,52,2021,2.83,2.1
8,2020,Monarch Larva (FIRST sighted),1,3,1,2021,2.83,2.1
8,2020,Monarch Larva Sighted,834,4745,612,2021,2.83,2.1
8,2020,Monarch PEAK Migration,20,8443,20,2021,2.83,2.1
8,2020,"Monarch, Captive-Reared",670,4966,286,2021,2.83,2.1
9,1996,Monarch Adult Sighted,2,2,1,1997,12.61,18.19
9,1997,Monarch Adult Sighted,135,135,89,1998,18.19,5.77
9,1998,Monarch Adult Sighted,258,258,175,1999,5.77,5.56
9,1999,Monarch (OTHER Observations),82,122,58,2000,5.56,9.05
9,1999,Monarch Adult (FIRST sighted),371,371,275,2000,5.56,9.05
9,1999,Monarch Adult Sighted,6,6,6,2000,5.56,9.05
9,2000,Monarch (OTHER Observations),106,106,93,2001,9.05,2.83
9,2000,Monarch Adult (FIRST sighted),229,229,155,2001,9.05,2.83
9,2000,Monarch Adult Sighted,7,7,6,2001,9.05,2.83
9,2000,Monarch PEAK Migration,73,73,63,2001,9.05,2.83
9,2001,Monarch (OTHER Observations),71,71,49,2002,2.83,9.36
9,2001,Monarch Adult (FIRST sighted),382,382,252,2002,2.83,9.36
9,2001,Monarch PEAK Migration,150,406,127,2002,2.83,9.36
9,2002,Monarch (OTHER Observations),94,94,86,2003,9.36,7.54
9,2002,Monarch Adult (FIRST sighted),459,488,278,2003,9.36,7.54
9,2002,Monarch Egg (FIRST sighted),1,1,1,2003,9.36,7.54
9,2002,Monarch Fall Roost,14,53,14,2003,9.36,7.54
9,2002,Monarch PEAK Migration,21,21,18,2003,9.36,7.54
9,2003,Monarch (OTHER Observations),115,214,83,2004,7.54,11.12
9,2003,Monarch Adult (FIRST sighted),484,506,296,2004,7.54,11.12
9,2003,Monarch Fall Roost,60,7657,48,2004,7.54,11.12
9,2003,Monarch PEAK Migration,45,45,35,2004,7.54,11.12
9,2004,Monarch (OTHER Observations),93,93,74,2005,11.12,2.19
9,2004,Monarch Adult (FIRST sighted),284,284,205,2005,11.12,2.19
9,2004,Monarch Fall Roost,29,132,26,2005,11.12,2.19
9,2004,Monarch PEAK Migration,14,14,14,2005,11.12,2.19
9,2005,Monarch (OTHER Observations),109,109,91,2006,2.19,5.91
9,2005,Monarch Adult (FIRST sighted),468,468,315,2006,2.19,5.91
9,2005,Monarch Fall Roost,90,7860,74,2006,2.19,5.91
9,2005,Monarch PEAK Migration,125,145,106,2006,2.19,5.91
9,2006,Monarch (OTHER Observations),212,212,166,2007,5.91,6.87
9,2006,Monarch Adult (FIRST sighted),585,644,396,2007,5.91,6.87
9,2006,Monarch Fall Roost,71,5129,64,2007,5.91,6.87
9,2006,Monarch PEAK Migration,189,288,165,2007,5.91,6.87
9,2007,Milkweed (FIRST sighted),1,1,1,2008,6.87,4.61
9,2007,Monarch (OTHER Observations),288,288,200,2008,6.87,4.61
9,2007,Monarch Adult (FIRST sighted),427,446,321,2008,6.87,4.61
9,2007,Monarch Adult Sighted,1,1,1,2008,6.87,4.61
9,2007,Monarch Egg Sighted,1,2,1,2008,6.87,4.61
9,2007,Monarch Fall Roost,93,2031894,83,2008,6.87,4.61
9,2007,Monarch PEAK Migration,134,134,122,2008,6.87,4.61
9,2008,Monarch (OTHER Observations),188,188,141,2009,4.61,3.06
9,2008,Monarch Adult (FIRST sighted),444,444,294,2009,4.61,3.06
9,2008,Monarch Fall Roost,64,17217,59,2009,4.61,3.06
9,2008,Monarch PEAK Migration,99,99,82,2009,4.61,3.06
9,2009,Monarch (OTHER Observations),261,261,198,2010,3.06,1.92
9,2009,Monarch Adult (FIRST sighted),682,737,438,2010,3.06,1.92
9,2009,Monarch Adult Sighted,23,23,22,2010,3.06,1.92
9,2009,Monarch Fall Roost,99,78673,88,2010,3.06,1.92
9,2009,Monarch PEAK Migration,50,59,45,2010,3.06,1.92
9,2010,Monarch (OTHER Observations),199,199,126,2011,1.92,4.02
9,2010,Monarch Adult (FIRST sighted),3,3,3,2011,1.92,4.02
9,2010,Monarch Adult Sighted,1445,1519,828,2011,1.92,4.02
9,2010,Monarch Fall Roost,177,139656,164,2011,1.92,4.02
9,2010,Monarch PEAK Migration,238,344,188,2011,1.92,4.02
9,2010,"Monarch, Captive-Reared",1,1,1,2011,1.92,4.02
9,2011,Monarch (OTHER Observations),172,465,110,2012,4.02,2.89
9,2011,Monarch Adult (FIRST sighted),2,69,1,2012,4.02,2.89
9,2011,Monarch Adult Sighted,1736,7662,955,2012,4.02,2.89
9,2011,Monarch Fall Roost,79,23190,73,2012,4.02,2.89
9,2011,Monarch Larva Sighted,1,1,1,2012,4.02,2.89
9,2011,Monarch PEAK Migration,150,34120,117,2012,4.02,2.89
9,2012,Monarch (OTHER Observations),140,958,103,2013,2.89,1.19
9,2012,Monarch Adult Sighted,1424,6016,868,2013,2.89,1.19
9,2012,Monarch Egg Sighted,63,105,56,2013,2.89,1.19
9,2012,Monarch Fall Roost,89,113846,57,2013,2.89,1.19
9,2012,Monarch Larva Sighted,210,736,158,2013,2.89,1.19
9,2012,Monarch PEAK Migration,237,199321,179,2013,2.89,1.19
9,2013,Monarch (OTHER Observations),116,457,78,2014,1.19,0.67
9,2013,Monarch Adult Sighted,1656,4604,924,2014,1.19,0.67
9,2013,Monarch Egg Sighted,67,178,50,2014,1.19,0.67
9,2013,Monarch Fall Roost,38,4220,28,2014,1.19,0.67
9,2013,Monarch Larva Sighted,221,615,147,2014,1.19,0.67
9,2013,Monarch PEAK Migration,63,4854,52,2014,1.19,0.67
9,2014,Monarch (OTHER Observations),303,10002265,167,2015,0.67,1.13
9,2014,Monarch Adult Sighted,2202,6902,1163,2015,0.67,1.13
9,2014,Monarch Egg Sighted,77,311,58,2015,0.67,1.13
9,2014,Monarch Fall Roost,108,26814,78,2015,0.67,1.13
9,2014,Monarch Larva Sighted,288,882,213,2015,0.67,1.13
9,2014,Monarch PEAK Migration,273,45520,186,2015,0.67,1.13
9,2015,Monarch (OTHER Observations),105,505,85,2016,1.13,4.01
9,2015,Monarch Adult (FIRST sighted),1,1,1,2016,1.13,4.01
9,2015,Monarch Adult Sighted,3588,14862,1641,2016,1.13,4.01
9,2015,Monarch Egg Sighted,171,2927,113,2016,1.13,4.01
9,2015,Monarch Fall Roost,190,76457,117,2016,1.13,4.01
9,2015,Monarch Larva Sighted,510,3825,338,2016,1.13,4.01
9,2015,Monarch PEAK Migration,216,38942,164,2016,1.13,4.01
9,2015,"Monarch, Captive-Reared",587,6211,266,2016,1.13,4.01
9,2016,Monarch (OTHER Observations),120,1635,89,2017,4.01,2.91
9,2016,Monarch Adult Sighted,4592,13409,3187,2017,4.01,2.91
9,2016,Monarch Egg Sighted,224,2511,175,2017,4.01,2.91
9,2016,Monarch Fall Roost,124,23920,98,2017,4.01,2.91
9,2016,Monarch Larva (FIRST sighted),1,3,1,2017,4.01,2.91
9,2016,Monarch Larva Sighted,862,7343,644,2017,4.01,2.91
9,2016,Monarch PEAK Migration,208,24988,183,2017,4.01,2.91
9,2016,"Monarch, Captive-Reared",869,6058,438,2017,4.01,2.91
9,2017,Milkweed Sighted,1,1,1,2018,2.91,2.48
9,2017,Monarch (OTHER Observations),118,568,97,2018,2.91,2.48
9,2017,Monarch Adult Sighted,3833,12663,2671,2018,2.91,2.48
9,2017,Monarch Egg Sighted,150,2242,114,2018,2.91,2.48
9,2017,Monarch Fall Roost,96,25993,79,2018,2.91,2.48
9,2017,Monarch Larva Sighted,688,4558,525,2018,2.91,2.48
9,2017,Monarch PEAK Migration,216,52101,190,2018,2.91,2.48
9,2017,"Monarch, Captive-Reared",859,7351,395,2018,2.91,2.48
9,2018,Monarch (OTHER Observations),164,4160,125,2019,2.48,6.05
9,2018,Monarch Adult (FIRST sighted),1,1,1,2019,2.48,6.05
9,2018,Monarch Adult Sighted,4231,28014,2898,2019,2.48,6.05
9,2018,Monarch Egg Sighted,215,2787,183,2019,2.48,6.05
9,2018,Monarch Fall Roost,381,367944,331,2019,2.48,6.05
9,2018,Monarch Larva Sighted,861,6196,639,2019,2.48,6.05
9,2018,Monarch PEAK Migration,340,248360,304,2019,2.48,6.05
9,2018,"Monarch, Captive-Reared",1276,10502,536,2019,2.48,6.05
9,2019,Monarch (OTHER Observations),159,2433,144,2020,6.05,2.83
9,2019,Monarch Adult Sighted,4163,50430,2871,2020,6.05,2.83
9,2019,Monarch Egg Sighted,182,2383,122,2020,6.05,2.83
9,2019,Monarch Fall Roost,449,198394,337,2020,6.05,2.83
9,2019,Monarch Larva Sighted,654,3735,494,2020,6.05,2.83
9,2019,Monarch PEAK Migration,395,1306304,353,2020,6.05,2.83
9,2019,"Monarch, Captive-Reared",751,6464,350,2020,6.05,2.83
9,2020,Monarch (OTHER Observations),180,1047,145,2021,2.83,2.1
9,2020,Monarch Adult Sighted,3351,17519,2254,2021,2.83,2.1
9,2020,Monarch Egg Sighted,155,1850,125,2021,2.83,2.1
9,2020,Monarch Fall Roost,273,102638,211,2021,2.83,2.1
9,2020,Monarch Larva Sighted,876,7412,627,2021,2.83,2.1
9,2020,Monarch PEAK Migration,231,42466,211,2021,2.83,2.1
9,2020,"Monarch, Captive-Reared",829,6051,337,2021,2.83,2.1
10,1997,Monarch Adult Sighted,161,161,102,1998,18.19,5.77
10,1998,Monarch (OTHER Observations),1,1,1,1999,5.77,5.56
10,1998,Monarch Adult Sighted,182,182,121,1999,5.77,5.56
10,1999,Monarch (OTHER Observations),57,57,45,2000,5.56,9.05
10,1999,Monarch Adult (FIRST sighted),173,173,118,2000,5.56,9.05
10,1999,Monarch Adult Sighted,46,46,39,2000,5.56,9.05
10,2000,Monarch (OTHER Observations),34,34,15,2001,9.05,2.83
10,2000,Monarch Adult (FIRST sighted),153,153,82,2001,9.05,2.83
10,2000,Monarch Adult Sighted,14,14,12,2001,9.05,2.83
10,2000,Monarch PEAK Migration,90,90,72,2001,9.05,2.83
10,2001,Monarch (OTHER Observations),46,46,42,2002,2.83,9.36
10,2001,Monarch Adult (FIRST sighted),150,150,96,2002,2.83,9.36
10,2001,Monarch PEAK Migration,78,227,67,2002,2.83,9.36
10,2002,Monarch (OTHER Observations),46,46,37,2003,9.36,7.54
10,2002,Monarch Adult (FIRST sighted),228,228,152,2003,9.36,7.54
10,2002,Monarch Fall Roost,7,7,7,2003,9.36,7.54
10,2002,Monarch PEAK Migration,22,22,22,2003,9.36,7.54
10,2003,Monarch (OTHER Observations),47,47,33,2004,7.54,11.12
10,2003,Monarch Adult (FIRST sighted),441,441,231,2004,7.54,11.12
10,2003,Monarch Egg (FIRST sighted),1,1,1,2004,7.54,11.12
10,2003,Monarch Fall Roost,28,4225,23,2004,7.54,11.12
10,2003,Monarch PEAK Migration,52,52,41,2004,7.54,11.12
10,2004,Monarch (OTHER Observations),49,49,39,2005,11.12,2.19
10,2004,Monarch Adult (FIRST sighted),367,367,204,2005,11.12,2.19
10,2004,Monarch Adult Sighted,1,1,1,2005,11.12,2.19
10,2004,Monarch Fall Roost,30,824,23,2005,11.12,2.19
10,2004,Monarch PEAK Migration,43,43,36,2005,11.12,2.19
10,2005,Monarch (OTHER Observations),58,58,50,2006,2.19,5.91
10,2005,Monarch Adult (FIRST sighted),373,373,225,2006,2.19,5.91
10,2005,Monarch Fall Roost,63,49292,53,2006,2.19,5.91
10,2005,Monarch PEAK Migration,170,170,124,2006,2.19,5.91
10,2005,"Monarch, Captive-Reared",1,1,1,2006,2.19,5.91
10,2006,Monarch (OTHER Observations),134,134,104,2007,5.91,6.87
10,2006,Monarch Adult (FIRST sighted),452,452,300,2007,5.91,6.87
10,2006,Monarch Fall Roost,64,6310,52,2007,5.91,6.87
10,2006,Monarch PEAK Migration,185,185,133,2007,5.91,6.87
10,2007,Monarch (OTHER Observations),257,257,117,2008,6.87,4.61
10,2007,Monarch Adult (FIRST sighted),489,489,329,2008,6.87,4.61
10,2007,Monarch Fall Roost,107,2172110,88,2008,6.87,4.61
10,2007,Monarch PEAK Migration,165,165,132,2008,6.87,4.61
10,2008,Monarch (OTHER Observations),108,108,82,2009,4.61,3.06
10,2008,Monarch Adult (FIRST sighted),319,319,215,2009,4.61,3.06
10,2008,Monarch Adult Sighted,1,2,1,2009,4.61,3.06
10,2008,Monarch Fall Roost,58,255981,51,2009,4.61,3.06
10,2008,Monarch PEAK Migration,107,107,84,2009,4.61,3.06
10,2009,Monarch (OTHER Observations),92,92,77,2010,3.06,1.92
10,2009,Monarch Adult (FIRST sighted),576,576,371,2010,3.06,1.92
10,2009,Monarch Adult Sighted,14,14,14,2010,3.06,1.92
10,2009,Monarch Fall Roost,52,38073,40,2010,3.06,1.92
10,2009,Monarch PEAK Migration,111,1110,78,2010,3.06,1.92
10,2010,Monarch (OTHER Observations),76,76,53,2011,1.92,4.02
10,2010,Monarch Adult (FIRST sighted),1,1,1,2011,1.92,4.02
10,2010,Monarch Adult Sighted,902,905,527,2011,1.92,4.02
10,2010,Monarch Fall Roost,90,248146,71,2011,1.92,4.02
10,2010,Monarch PEAK Migration,192,192,130,2011,1.92,4.02
10,2010,"Monarch, Captive-Reared",1,15,1,2011,1.92,4.02
10,2011,Monarch (OTHER Observations),75,169,56,2012,4.02,2.89
10,2011,Monarch Adult Sighted,1507,6651,848,2012,4.02,2.89
10,2011,Monarch Fall Roost,87,65522,71,2012,4.02,2.89
10,2011,Monarch PEAK Migration,227,55905,179,2012,4.02,2.89
10,2012,Monarch (OTHER Observations),77,3159,58,2013,2.89,1.19
10,2012,Monarch Adult Sighted,918,3821,578,2013,2.89,1.19
10,2012,Monarch Egg Sighted,19,174,18,2013,2.89,1.19
10,2012,Monarch Fall Roost,32,17265,27,2013,2.89,1.19
10,2012,Monarch Larva Sighted,56,168,42,2013,2.89,1.19
10,2012,Monarch PEAK Migration,109,22800,87,2013,2.89,1.19
10,2013,Monarch (OTHER Observations),79,352,56,2014,1.19,0.67
10,2013,Monarch Adult (FIRST sighted),1,1,1,2014,1.19,0.67
10,2013,Monarch Adult Sighted,1277,4517,701,2014,1.19,0.67
10,2013,Monarch Egg Sighted,13,27,11,2014,1.19,0.67
10,2013,Monarch Fall Roost,72,16169,45,2014,1.19,0.67
10,2013,Monarch Larva Sighted,93,457,53,2014,1.19,0.67
10,2013,Monarch PEAK Migration,145,18876,101,2014,1.19,0.67
10,2014,Monarch (OTHER Observations),110,444,58,2015,0.67,1.13
10,2014,Monarch Adult (FIRST sighted),1,1,1,2015,0.67,1.13
10,2014,Monarch Adult Sighted,1901,10831,961,2015,0.67,1.13
10,2014,Monarch Egg Sighted,18,22,15,2015,0.67,1.13
10,2014,Monarch Fall Roost,113,43401,78,2015,0.67,1.13
10,2014,Monarch Larva Sighted,107,292,84,2015,0.67,1.13
10,2014,Monarch PEAK Migration,301,49388,203,2015,0.67,1.13
10,2015,Monarch (OTHER Observations),118,396,104,2016,1.13,4.01
10,2015,Monarch Adult Sighted,1950,8414,1077,2016,1.13,4.01
10,2015,Monarch Egg Sighted,42,544,34,2016,1.13,4.01
10,2015,Monarch Fall Roost,185,142615,114,2016,1.13,4.01
10,2015,Monarch Larva Sighted,156,1081,116,2016,1.13,4.01
10,2015,Monarch PEAK Migration,221,315611,155,2016,1.13,4.01
10,2015,"Monarch, Captive-Reared",198,1953,115,2016,1.13,4.01
10,2016,Monarch (OTHER Observations),69,122,57,2017,4.01,2.91
10,2016,Monarch Adult (FIRST sighted),1,1,1,2017,4.01,2.91
10,2016,Monarch Adult Sighted,3580,12713,2465,2017,4.01,2.91
10,2016,Monarch Egg Sighted,51,564,42,2017,4.01,2.91
10,2016,Monarch Fall Roost,88,116988,76,2017,4.01,2.91
10,2016,Monarch Larva Sighted,239,1118,171,2017,4.01,2.91
10,2016,Monarch PEAK Migration,209,50424,167,2017,4.01,2.91
10,2016,"Monarch, Captive-Reared",322,1549,190,2017,4.01,2.91
10,2017,Monarch (OTHER Observations),33,83,31,2018,2.91,2.48
10,2017,Monarch Adult (FIRST sighted),1,1,1,2018,2.91,2.48
10,2017,Monarch Adult Sighted,4131,15946,2978,2018,2.91,2.48
10,2017,Monarch Egg Sighted,52,768,42,2018,2.91,2.48
10,2017,Monarch Fall Roost,133,55733,100,2018,2.91,2.48
10,2017,Monarch Larva Sighted,176,923,130,2018,2.91,2.48
10,2017,Monarch PEAK Migration,375,159134,327,2018,2.91,2.48
10,2017,"Monarch, Captive-Reared",285,3337,163,2018,2.91,2.48
10,2018,Monarch (OTHER Observations),42,135,35,2019,2.48,6.05
10,2018,Monarch Adult Sighted,3567,16630,2551,2019,2.48,6.05
10,2018,Monarch Egg Sighted,49,953,42,2019,2.48,6.05
10,2018,Monarch Fall Roost,150,47173,138,2019,2.48,6.05
10,2018,Monarch Larva Sighted,235,1504,188,2019,2.48,6.05
10,2018,Monarch PEAK Migration,407,1151708,352,2019,2.48,6.05
10,2018,"Monarch, Captive-Reared",298,2234,175,2019,2.48,6.05
10,2019,Monarch (OTHER Observations),54,428,52,2020,6.05,2.83
10,2019,Monarch Adult Sighted,3327,16674,2543,2020,6.05,2.83
10,2019,Monarch Egg Sighted,49,723,31,2020,6.05,2.83
10,2019,Monarch Fall Roost,87,23346,80,2020,6.05,2.83
10,2019,Monarch Larva Sighted,120,510,96,2020,6.05,2.83
10,2019,Monarch PEAK Migration,342,103588,305,2020,6.05,2.83
10,2019,"Monarch, Captive-Reared",151,1599,97,2020,6.05,2.83
10,2020,Monarch (OTHER Observations),74,315,66,2021,2.83,2.1
10,2020,Monarch Adult Sighted,2428,10040,1637,2021,2.83,2.1
10,2020,Monarch Egg Sighted,43,442,33,2021,2.83,2.1
10,2020,Monarch Fall Roost,106,208264,81,2021,2.83,2.1
10,2020,Monarch Larva (FIRST sighted),1,4,1,2021,2.83,2.1
10,2020,Monarch Larva Sighted,163,829,137,2021,2.83,2.1
10,2020,Monarch PEAK Migration,95,33365,78,2021,2.83,2.1
10,2020,"Monarch, Captive-Reared",296,2307,163,2021,2.83,2.1
11,1997,Monarch Adult Sighted,19,19,11,1998,18.19,5.77
11,1998,Monarch Adult (FIRST sighted),1,1,1,1999,5.77,5.56
11,1998,Monarch Adult Sighted,22,22,15,1999,5.77,5.56
11,1999,Monarch (OTHER Observations),14,14,12,2000,5.56,9.05
11,1999,Monarch Adult (FIRST sighted),2,2,2,2000,5.56,9.05
11,1999,Monarch Adult Sighted,7,7,6,2000,5.56,9.05
11,2000,Monarch (OTHER Observations),2,2,2,2001,9.05,2.83
11,2000,Monarch Adult (FIRST sighted),9,9,9,2001,9.05,2.83
11,2000,Monarch Adult Sighted,6,6,6,2001,9.05,2.83
11,2001,Monarch (OTHER Observations),8,8,7,2002,2.83,9.36
11,2001,Monarch Adult (FIRST sighted),11,11,9,2002,2.83,9.36
11,2001,Monarch PEAK Migration,2,2,1,2002,2.83,9.36
11,2002,Monarch (OTHER Observations),10,10,8,2003,9.36,7.54
11,2002,Monarch Adult (FIRST sighted),13,13,9,2003,9.36,7.54
11,2002,Monarch Fall Roost,2,2,2,2003,9.36,7.54
11,2003,Monarch (OTHER Observations),17,17,13,2004,7.54,11.12
11,2003,Monarch Adult (FIRST sighted),61,61,35,2004,7.54,11.12
11,2003,Monarch Fall Roost,1,5,1,2004,7.54,11.12
11,2003,Monarch PEAK Migration,3,3,3,2004,7.54,11.12
11,2004,Monarch (OTHER Observations),9,9,8,2005,11.12,2.19
11,2004,Monarch Adult (FIRST sighted),49,49,28,2005,11.12,2.19
11,2004,Monarch Fall Roost,2,2,2,2005,11.12,2.19
11,2005,Monarch (OTHER Observations),14,14,8,2006,2.19,5.91
11,2005,Monarch Adult (FIRST sighted),36,36,26,2006,2.19,5.91
11,2005,Monarch Fall Roost,1,1,1,2006,2.19,5.91
11,2005,Monarch PEAK Migration,4,4,4,2006,2.19,5.91
11,2006,Monarch (OTHER Observations),17,17,15,2007,5.91,6.87
11,2006,Monarch Adult (FIRST sighted),21,21,17,2007,5.91,6.87
11,2006,Monarch Adult Sighted,1,1,1,2007,5.91,6.87
11,2006,Monarch Fall Roost,4,4,3,2007,5.91,6.87
11,2006,Monarch PEAK Migration,8,8,5,2007,5.91,6.87
11,2007,Monarch (OTHER Observations),21,21,18,2008,6.87,4.61
11,2007,Monarch Adult (FIRST sighted),18,18,14,2008,6.87,4.61
11,2007,Monarch Larva (FIRST sighted),1,1,1,2008,6.87,4.61
11,2007,Monarch PEAK Migration,1,1,1,2008,6.87,4.61
11,2008,Monarch (OTHER Observations),26,26,23,2009,4.61,3.06
11,2008,Monarch Adult (FIRST sighted),32,32,26,2009,4.61,3.06
11,2008,Monarch Adult Sighted,4,12,2,2009,4.61,3.06
11,2008,Monarch Fall Roost,4,4002,4,2009,4.61,3.06
11,2008,Monarch PEAK Migration,3,3,2,2009,4.61,3.06
11,2009,Monarch (OTHER Observations),19,19,18,2010,3.06,1.92
11,2009,Monarch Adult (FIRST sighted),132,132,83,2010,3.06,1.92
11,2009,Monarch Adult Sighted,6,6,4,2010,3.06,1.92
11,2009,Monarch Fall Roost,6,201500,6,2010,3.06,1.92
11,2009,Monarch PEAK Migration,7,7,7,2010,3.06,1.92
11,2010,Monarch (OTHER Observations),18,18,17,2011,1.92,4.02
11,2010,Monarch Adult (FIRST sighted),1,1,1,2011,1.92,4.02
11,2010,Monarch Adult Sighted,132,134,100,2011,1.92,4.02
11,2010,Monarch Fall Roost,11,4001,8,2011,1.92,4.02
11,2010,Monarch PEAK Migration,12,12,10,2011,1.92,4.02
11,2011,Monarch (OTHER Observations),26,38,22,2012,4.02,2.89
11,2011,Monarch Adult Sighted,289,6037,199,2012,4.02,2.89
11,2011,Monarch Fall Roost,7,10416,5,2012,4.02,2.89
11,2011,Monarch PEAK Migration,5,951,5,2012,4.02,2.89
11,2012,Monarch (OTHER Observations),20,67,16,2013,2.89,1.19
11,2012,Monarch Adult Sighted,136,437,93,2013,2.89,1.19
11,2012,Monarch Egg Sighted,5,5,5,2013,2.89,1.19
11,2012,Monarch Fall Roost,4,14490,4,2013,2.89,1.19
11,2012,Monarch Larva Sighted,18,31,16,2013,2.89,1.19
11,2012,Monarch PEAK Migration,18,1530,5,2013,2.89,1.19
11,2013,Monarch (OTHER Observations),16,41,13,2014,1.19,0.67
11,2013,Monarch Adult Sighted,133,431,89,2014,1.19,0.67
11,2013,Monarch Egg Sighted,5,6,5,2014,1.19,0.67
11,2013,Monarch Fall Roost,9,53167,7,2014,1.19,0.67
11,2013,Monarch Larva Sighted,38,106,24,2014,1.19,0.67
11,2013,Monarch PEAK Migration,12,12229,10,2014,1.19,0.67
11,2014,Monarch (OTHER Observations),12,13,11,2015,0.67,1.13
11,2014,Monarch Adult Sighted,158,1408,103,2015,0.67,1.13
11,2014,Monarch Egg Sighted,5,7,3,2015,0.67,1.13
11,2014,Monarch Fall Roost,10,7030,7,2015,0.67,1.13
11,2014,Monarch Larva Sighted,33,147,25,2015,0.67,1.13
11,2014,Monarch PEAK Migration,31,116118,18,2015,0.67,1.13
11,2015,Monarch (OTHER Observations),32,59,26,2016,1.13,4.01
11,2015,Monarch Adult Sighted,440,11430,298,2016,1.13,4.01
11,2015,Monarch Egg Sighted,21,262,14,2016,1.13,4.01
11,2015,Monarch Fall Roost,30,1072626,22,2016,1.13,4.01
11,2015,Monarch Larva Sighted,58,459,50,2016,1.13,4.01
11,2015,Monarch PEAK Migration,32,20091,32,2016,1.13,4.01
11,2015,"Monarch, Captive-Reared",30,265,17,2016,1.13,4.01
11,2016,Monarch (OTHER Observations),30,353,28,2017,4.01,2.91
11,2016,Monarch Adult Sighted,680,3114,527,2017,4.01,2.91
11,2016,Monarch Egg Sighted,17,374,17,2017,4.01,2.91
11,2016,Monarch Fall Roost,22,164060,21,2017,4.01,2.91
11,2016,Monarch Larva Sighted,72,452,61,2017,4.01,2.91
11,2016,Monarch PEAK Migration,18,2556,14,2017,4.01,2.91
11,2016,"Monarch, Captive-Reared",60,203,32,2017,4.01,2.91
11,2017,Monarch (OTHER Observations),9,2096,9,2018,2.91,2.48
11,2017,Monarch Adult (FIRST sighted),1,1,1,2018,2.91,2.48
11,2017,Monarch Adult Sighted,535,2830,434,2018,2.91,2.48
11,2017,Monarch Egg Sighted,14,105,11,2018,2.91,2.48
11,2017,Monarch Fall Roost,6,5078,6,2018,2.91,2.48
11,2017,Monarch Larva Sighted,68,455,54,2018,2.91,2.48
11,2017,Monarch PEAK Migration,26,5410,24,2018,2.91,2.48
11,2017,"Monarch, Captive-Reared",68,515,28,2018,2.91,2.48
11,2018,Monarch (OTHER Observations),8,74,8,2019,2.48,6.05
11,2018,Monarch Adult Sighted,468,2404,372,2019,2.48,6.05
11,2018,Monarch Egg Sighted,9,132,6,2019,2.48,6.05
11,2018,Monarch Fall Roost,21,16786,15,2019,2.48,6.05
11,2018,Monarch Larva Sighted,37,237,35,2019,2.48,6.05
11,2018,Monarch PEAK Migration,32,1039498,32,2019,2.48,6.05
11,2018,"Monarch, Captive-Reared",44,344,28,2019,2.48,6.05
11,2019,Monarch (OTHER Observations),8,35,8,2020,6.05,2.83
11,2019,Monarch Adult Sighted,272,1042,205,2020,6.05,2.83
11,2019,Monarch Egg Sighted,8,76,7,2020,6.05,2.83
11,2019,Monarch Fall Roost,9,5270,9,2020,6.05,2.83
11,2019,Monarch Larva Sighted,45,237,37,2020,6.05,2.83
11,2019,Monarch PEAK Migration,19,5768,18,2020,6.05,2.83
11,2019,"Monarch, Captive-Reared",20,693,14,2020,6.05,2.83
11,2020,Monarch (OTHER Observations),25,75,21,2021,2.83,2.1
11,2020,Monarch Adult Sighted,500,1454,365,2021,2.83,2.1
11,2020,Monarch Egg Sighted,6,40,6,2021,2.83,2.1
11,2020,Monarch Fall Roost,1,50,1,2021,2.83,2.1
11,2020,Monarch Larva Sighted,77,479,64,2021,2.83,2.1
11,2020,Monarch PEAK Migration,9,542,6,2021,2.83,2.1
11,2020,"Monarch, Captive-Reared",33,97,25,2021,2.83,2.1
12,1996,Monarch Adult Sighted,2,2,2,1997,12.61,18.19
12,1997,Monarch Adult (FIRST sighted),1,1,1,1998,18.19,5.77
12,1997,Monarch Adult Sighted,3,3,3,1998,18.19,5.77
12,1998,Monarch (OTHER Observations),1,1,1,1999,5.77,5.56
12,1998,Monarch Adult (FIRST sighted),2,2,2,1999,5.77,5.56
12,1998,Monarch Adult Sighted,6,6,5,1999,5.77,5.56
12,1999,Monarch (OTHER Observations),1,1,1,2000,5.56,9.05
12,1999,Monarch Adult (FIRST sighted),2,2,2,2000,5.56,9.05
12,1999,Monarch Larva (FIRST sighted),2,2,1,2000,5.56,9.05
12,2000,Milkweed (FIRST sighted),1,1,1,2001,9.05,2.83
12,2000,Monarch (OTHER Observations),4,4,3,2001,9.05,2.83
12,2000,Monarch Adult Sighted,1,1,1,2001,9.05,2.83
12,2000,Monarch PEAK Migration,1,1,1,2001,9.05,2.83
12,2001,Monarch (OTHER Observations),4,4,4,2002,2.83,9.36
12,2001,Monarch Adult (FIRST sighted),2,2,2,2002,2.83,9.36
12,2001,Monarch Adult Sighted,2,2,2,2002,2.83,9.36
12,2002,Monarch (OTHER Observations),2,2,2,2003,9.36,7.54
12,2003,Monarch (OTHER Observations),3,3,3,2004,7.54,11.12
12,2004,Monarch (OTHER Observations),3,3,3,2005,11.12,2.19
12,2004,Monarch Adult (FIRST sighted),2,2,2,2005,11.12,2.19
12,2004,Monarch Egg (FIRST sighted),1,1,1,2005,11.12,2.19
12,2005,Monarch (OTHER Observations),4,4,4,2006,2.19,5.91
12,2005,Monarch Adult (FIRST sighted),2,2,2,2006,2.19,5.91
12,2005,Monarch Egg (FIRST sighted),1,1,1,2006,2.19,5.91
12,2006,Milkweed (FIRST sighted),1,1,1,2007,5.91,6.87
12,2006,Monarch (OTHER Observations),4,4,4,2007,5.91,6.87
12,2006,Monarch Adult (FIRST sighted),2,2,2,2007,5.91,6.87
12,2006,Monarch Fall Roost,2,2,2,2007,5.91,6.87
12,2006,Monarch PEAK Migration,1,1,1,2007,5.91,6.87
12,2007,Milkweed (FIRST sighted),1,1,1,2008,6.87,4.61
12,2007,Monarch (OTHER Observations),3,3,3,2008,6.87,4.61
12,2007,Monarch Adult (FIRST sighted),5,5,5,2008,6.87,4.61
12,2007,Monarch Fall Roost,1,1000000,1,2008,6.87,4.61
12,2007,Monarch PEAK Migration,1,1,1,2008,6.87,4.61
12,2008,Monarch (OTHER Observations),6,6,6,2009,4.61,3.06
12,2008,Monarch Adult (FIRST sighted),2,2,2,2009,4.61,3.06
12,2008,Monarch Adult Sighted,2,2,2,2009,4.61,3.06
12,2009,Monarch (OTHER Observations),10,10,8,2010,3.06,1.92
12,2009,Monarch Adult (FIRST sighted),3,3,3,2010,3.06,1.92
12,2009,Monarch Adult Sighted,7,7,3,2010,3.06,1.92
12,2009,Monarch Larva (FIRST sighted),1,1,1,2010,3.06,1.92
12,2010,Monarch (OTHER Observations),7,7,6,2011,1.92,4.02
12,2010,Monarch Adult Sighted,22,22,17,2011,1.92,4.02
12,2010,Monarch PEAK Migration,1,1,1,2011,1.92,4.02
12,2011,Monarch (OTHER Observations),14,50,10,2012,4.02,2.89
12,2011,Monarch Adult Sighted,43,3130,29,2012,4.02,2.89
12,2012,Monarch (OTHER Observations),6,7,5,2013,2.89,1.19
12,2012,Monarch Adult Sighted,29,7582,27,2013,2.89,1.19
12,2012,Monarch Egg Sighted,1,100,1,2013,2.89,1.19
12,2012,Monarch Fall Roost,2,7500,1,2013,2.89,1.19
12,2012,Monarch Larva Sighted,13,42,12,2013,2.89,1.19
12,2013,Monarch (OTHER Observations),8,8,7,2014,1.19,0.67
12,2013,Monarch Adult Sighted,29,46,26,2014,1.19,0.67
12,2013,Monarch Egg Sighted,5,16,4,2014,1.19,0.67
12,2013,Monarch Fall Roost,5,14000,5,2014,1.19,0.67
12,2013,Monarch Larva Sighted,12,61,10,2014,1.19,0.67
12,2014,Monarch (OTHER Observations),8,8,5,2015,0.67,1.13
12,2014,Monarch Adult (FIRST sighted),1,1,1,2015,0.67,1.13
12,2014,Monarch Adult Sighted,49,201,32,2015,0.67,1.13
12,2014,Monarch Egg (FIRST sighted),1,1,1,2015,0.67,1.13
12,2014,Monarch Egg Sighted,4,4,4,2015,0.67,1.13
12,2014,Monarch Fall Roost,1,600,1,2015,0.67,1.13
12,2014,Monarch Larva (FIRST sighted),2,2,2,2015,0.67,1.13
12,2014,Monarch Larva Sighted,23,103,16,2015,0.67,1.13
12,2015,Monarch (OTHER Observations),31,315,26,2016,1.13,4.01
12,2015,Monarch Adult (FIRST sighted),1,2,1,2016,1.13,4.01
12,2015,Monarch Adult Sighted,67,20099,44,2016,1.13,4.01
12,2015,Monarch Egg Sighted,8,136,8,2016,1.13,4.01
12,2015,Monarch Fall Roost,3,1042,2,2016,1.13,4.01
12,2015,Monarch Larva (FIRST sighted),1,15,1,2016,1.13,4.01
12,2015,Monarch Larva Sighted,60,647,31,2016,1.13,4.01
12,2015,"Monarch, Captive-Reared",14,35,9,2016,1.13,4.01
12,2016,Milkweed Sighted,1,1,1,2017,4.01,2.91
12,2016,Monarch (OTHER Observations),14,38,11,2017,4.01,2.91
12,2016,Monarch Adult Sighted,77,267,63,2017,4.01,2.91
12,2016,Monarch Egg Sighted,10,111,4,2017,4.01,2.91
12,2016,Monarch Fall Roost,3,3100,3,2017,4.01,2.91
12,2016,Monarch Larva (FIRST sighted),1,1,1,2017,4.01,2.91
12,2016,Monarch Larva Sighted,39,210,28,2017,4.01,2.91
12,2016,"Monarch, Captive-Reared",24,65,14,2017,4.01,2.91
12,2017,Monarch (OTHER Observations),2,2,2,2018,2.91,2.48
12,2017,Monarch Adult Sighted,107,493,78,2018,2.91,2.48
12,2017,Monarch Egg Sighted,5,21,3,2018,2.91,2.48
12,2017,Monarch Larva Sighted,38,283,25,2018,2.91,2.48
12,2017,"Monarch, Captive-Reared",22,60,8,2018,2.91,2.48
12,2018,Monarch Adult (FIRST sighted),1,5,1,2019,2.48,6.05
12,2018,Monarch Adult Sighted,49,110,44,2019,2.48,6.05
12,2018,Monarch Egg Sighted,3,25,3,2019,2.48,6.05
12,2018,Monarch Fall Roost,1,110,1,2019,2.48,6.05
12,2018,Monarch Larva (FIRST sighted),1,10,1,2019,2.48,6.05
12,2018,Monarch Larva Sighted,19,113,14,2019,2.48,6.05
12,2018,"Monarch, Captive-Reared",5,10,4,2019,2.48,6.05
12,2019,Milkweed (FIRST sighted),1,1,1,2020,6.05,2.83
12,2019,Monarch (OTHER Observations),9,13,8,2020,6.05,2.83
12,2019,Monarch Adult Sighted,73,149,49,2020,6.05,2.83
12,2019,Monarch Egg Sighted,5,21,5,2020,6.05,2.83
12,2019,Monarch Larva (FIRST sighted),1,4,1,2020,6.05,2.83
12,2019,Monarch Larva Sighted,34,256,20,2020,6.05,2.83
12,2019,"Monarch, Captive-Reared",28,471,13,2020,6.05,2.83
12,2020,Monarch (OTHER Observations),19,118,18,2021,2.83,2.1
12,2020,Monarch Adult (FIRST sighted),1,2,1,2021,2.83,2.1
12,2020,Monarch Adult Sighted,330,546,250,2021,2.83,2.1
12,2020,Monarch Egg (FIRST sighted),2,16,2,2021,2.83,2.1
12,2020,Monarch Egg Sighted,39,200,26,2021,2.83,2.1
12,2020,Monarch Larva (FIRST sighted),1,1,1,2021,2.83,2.1
12,2020,Monarch Larva Sighted,104,607,89,2021,2.83,2.1
12,2020,"Monarch, Captive-Reared",23,680,18,2021,2.83,2.1
